"Kanji","Meaning_JP","Meaning_EN","Meaning_ES","Meaning_FR","Meaning_DE","Meaning_IT","Meaning_TL","Meaning_PT","Meaning_TR","Meaning_AR","Meaning_SV","Meaning_NL","Meaning_PL","Meaning_NO","Meaning_HU","Meaning_HE","Meaning_RU","Meaning_LT"
"円","調和のとれた人間関係を築くことができる","Able to build harmonious human relationships.","Capaz de construir relaciones humanas armoniosas.","Capable de construire des relations humaines harmonieuses.","In der Lage, harmonische zwischenmenschliche Beziehungen aufzubauen.","Capace di costruire relazioni umane armoniose.","Kayang bumuo ng maayos at mapayapang ugnayan sa tao.","Capaz de construir relações humanas harmoniosas.","Uyumlu insan ilişkileri kurabilme yeteneği.","قادر على بناء علاقات إنسانية متناغمة.","Förmögen att bygga harmoniska mänskliga relationer.","In staat harmonieuze menselijke relaties op te bouwen.","Zdolny budować harmonijne relacje międzyludzkie.","I stand til å bygge harmoniske menneskelige relasjoner.","Képes harmonikus emberi kapcsolatokat építeni.","מסוגל לבנות מערכות יחסים אנושיות הרמוניות.","Способен строить гармоничные отношения между людьми.","Gali kurti harmoningus žmonių santykius."
"菜","自然の潤いを味方にする","To have the blessings of nature as an ally.","Tener las bendiciones de la naturaleza como aliada.","Avoir les bénédictions de la nature comme alliée.","Die Segnungen der Natur als Verbündete zu haben.","Avere le benedizioni della natura come alleata.","Ang pagkakaroon ng mga biyaya ng kalikasan bilang kaalyado.","Ter as bênçãos da natureza como aliada.","Doğanın nimetlerini müttefik olarak sahip olmak.","أن تكون بركات الطبيعة حليفة.","Att ha naturens välsignelser som allierad.","De zegeningen van de natuur als bondgenoot hebben.","Mieć błogosławieństwa natury jako sojusznika.","Å ha naturens velsignelser som alliert.","Hogy a természet áldásai szövetségesként legyenek.","שיש את ברכות הטבע כבת ברית.","Принять благословения природы как своего союзника.","Turėti gamtos palaiminimą kaip sąjungininką."
"安","豊かで安定した人生、そして一緒にいると安心感を与える","A rich and stable life, bringing a sense of comfort when by your side.","Una vida rica y estable, que aporta una sensación de confort a tu lado.","Une vie riche et stable, apportant une sensation de confort à vos côtés.","Ein reiches und stabiles Leben, das ein Gefühl von Geborgenheit an deiner Seite bringt.","Una vita ricca e stabile, che dona una sensazione di conforto al tuo fianco.","Isang mayaman at matatag na buhay na nagbibigay ng ginhawa kapag nasa iyong tabi.","Uma vida rica e estável, trazendo uma sensação de conforto ao seu lado.","Zengin ve istikrarlı bir yaşam, yanında huzur hissi getirir.","حياة غنية ومستقرة، تجلب شعورًا بالراحة بجانبك.","Ett rikt och stabilt liv som ger en känsla av trygghet vid din sida.","Een rijk en stabiel leven dat een gevoel van comfort aan je zijde brengt.","Bogate i stabilne życie, dające poczucie komfortu przy twoim boku.","Et rikt og stabilt liv som gir en følelse av trygghet ved din side.","Gazdag, stabil élet, amely kényelmet ad melletted.","חיים עשירים ויציבים שמביאים תחושת נוחות לצידך.","Богатая и стабильная жизнь, приносящая чувство комфорта рядом с вами.","Turtingas ir stabilus gyvenimas, teikiantis komforto pojūtį šalia jūsų."
"良","良い行いがいい人生を導くことを心得ている","Knowing that good deeds lead to a good life.","Saber que las buenas acciones conducen a una buena vida.","Savoir que les bonnes actions mènent à une bonne vie.","Zu wissen, dass gute Taten zu einem guten Leben führen.","Sapere che le buone azioni portano a una buona vita.","Alam na ang mabubuting gawa ay nagdudulot ng mabuting buhay.","Saber que boas ações conduzem a uma boa vida.","İyi davranışların iyi bir hayata götürdüğünü bilmek.","معرفة أن الأعمال الصالحة تؤدي إلى حياة طيبة.","Att veta att goda handlingar leder till ett gott liv.","Weten dat goede daden leiden tot een goed leven.","Wiedzieć, że dobre uczynki prowadzą do dobrego życia.","Å vite at gode gjerninger fører til et godt liv.","Tudni, hogy a jó cselekedetek jó élethez vezetnek.","לדעת שמעשים טובים מובילים לחיים טובים.","Знание того, что добрые дела ведут к хорошей жизни.","Žinojimas, kad geri darbai veda į gerą gyvenimą."
"宇","天井のない、広く寛容な精神で大切な相手を見守る","With a boundless, generous spirit, watching over those who matter most.","Con un espíritu ilimitado y generoso, cuidando a quienes más importan.","Avec un esprit sans limites et généreux, veillant sur ceux qui comptent le plus.","Mit einem grenzenlosen, großzügigen Geist, der über die wichtigsten Menschen wacht.","Con uno spirito sconfinato e generoso, che veglia su chi conta di più.","May malawak at mapagbigay na espiritu, nagbabantay sa mga pinakamahalaga.","Com um espírito ilimitado e generoso, cuidando daqueles que mais importam.","Sınırsız, cömert bir ruhla, en çok önem verdiklerine göz kulak olmak.","بروحٍ واسعة وكريمة، تراقب من هم الأهم.","Med en gränslös, generös anda som vakar över dem som betyder mest.","Met een grenzeloze, genereuze geest die waakt over degenen die het meest betekenen.","Z nieograniczonym, hojny duchem, czuwający nad tymi, którzy są najważniejsi.","Med en grenseløs, sjenerøs ånd som vokter over dem som betyr mest.","Határtalan, nagylelkű szellem, aki vigyáz a legfontosabbakra.","ברוח נדיבה וללא גבולות, שומרת על אלה שחשובים ביותר.","С безграничным, щедрым духом, присматривающим за теми, кто важнее всего.","Su beribe, dosnia dvasia, saugančia tuos, kurie svarbiausi."
"蓮","じっくり時間をかけてでも必ず綺麗な花を咲かせる","Taking time patiently, yet always blooming into a beautiful flower.","Tomando tiempo con paciencia, pero siempre floreciendo en una hermosa flor.","Prenant le temps avec patience, mais fleurissant toujours en une belle fleur.","Geduldig Zeit nehmend, doch immer zu einer schönen Blume erblühend.","Prendendo tempo con pazienza, ma fiorendo sempre in un bellissimo fiore.","Naglalaan ng oras nang may pasensya, ngunit laging namumulaklak bilang magandang bulaklak.","Levando tempo com paciência, mas sempre florescendo em uma bela flor.","Sabırla zaman ayırarak, ama her zaman güzel bir çiçek gibi açmak.","يأخذ الوقت بصبر، لكنه دائمًا يزهر إلى زهرة جميلة.","Tar tid tålmodigt, men blommar alltid till en vacker blomma.","Tijd nemen met geduld, maar altijd tot een mooie bloem bloeien.","Poświęcając czas cierpliwie, lecz zawsze rozkwitając w piękny kwiat.","Tar tid tålmodig, men blomstrer alltid til en vakker blomst.","Türelle időt szánva, mégis mindig gyönyörű virággá nyílva.","לוקח זמן בסבלנות, אך תמיד פורח לפרח יפהפה.","С терпением, но всегда расцветая в прекрасный цветок.","Kantriai, bet visada pražystant gražia gėle."
"栄","行動力があるので、繁栄しつづける","With the power to act, prosperity continues to flourish.","Con el poder de actuar, la prosperidad continúa floreciendo.","Avec le pouvoir d'agir, la prospérité continue de fleurir.","Mit der Kraft zu handeln blüht der Wohlstand weiter.","Con il potere di agire, la prosperità continua a fiorire.","Sa kakayahang kumilos, patuloy na umuunlad ang kasaganaan.","Com o poder de agir, a prosperidade continua a florescer.","Hareket etme gücüyle refah gelişmeye devam eder.","بقوة الفعل، تستمر الازدهار في الازدهار.","Med kraften att agera fortsätter välståndet att blomstra.","Met de kracht om te handelen blijft welvaart bloeien.","Z mocą działania dobrobyt nadal rozkwita.","Med kraft til å handle fortsetter velstand å blomstre.","A cselekvés erejével a jólét tovább virágzik.","בכוח לפעול, השגשוג ממשיך לפרוח.","С силой действовать, процветание продолжает развиваться.","Su galia veikti, klestėjimas toliau bujoja."
"平","心の平和が、本人も周囲の人も良い人生となる","Peace of mind brings a good life both to oneself and to those around.","La paz mental trae una buena vida tanto para uno mismo como para los demás.","La paix d'esprit apporte une bonne vie à soi et aux autres.","Seelenfrieden bringt ein gutes Leben für einen selbst und für andere.","La pace mentale porta una buona vita sia a se stessi che agli altri.","Ang kapayapaan ng isip ay nagdudulot ng mabuting buhay para sa sarili at sa iba.","A paz de espírito traz uma boa vida tanto para si quanto para os outros.","Zihinsel huzur hem kendine hem başkalarına iyi bir yaşam getirir.","راحة البال تجلب حياة طيبة لنفسك وللآخرين.","Sinnesro ger ett gott liv både för en själv och för andra.","Gemoedsrust brengt een goed leven voor jezelf en voor anderen.","Spokój ducha przynosi dobre życie zarówno sobie, jak i innym.","Sinnsro gir et godt liv både for en selv og for andre.","Lelki nyugalom jó életet hoz önnek és másoknak egyaránt.","שלוות נפש מביאה חיים טובים לעצמך ולאחרים.","Душевный покой приносит хорошую жизнь как самому себе, так и окружающим.","Dvasinė ramybė atneša gerą gyvenimą tiek sau, tiek aplinkiniams."
"慈","見返りのない愛を提供できる心を持っている","Possessing a heart that can give love without expecting anything in return.","Poseer un corazón que puede dar amor sin esperar nada a cambio.","Posséder un cœur capable de donner de l'amour sans rien attendre en retour.","Ein Herz besitzen, das Liebe geben kann, ohne etwas dafür zu erwarten.","Possedere un cuore che può dare amore senza aspettarsi nulla in cambio.","Magkaroon ng puso na kayang magbigay ng pag-ibig nang hindi naghihintay ng kapalit.","Possuir um coração que pode dar amor sem esperar nada em troca.","Karşılık beklemeden sevgi verebilen bir kalbe sahip olmak.","امتلاك قلب قادر على إعطاء الحب دون توقع مقابل.","Att ha ett hjärta som kan ge kärlek utan att förvänta sig något tillbaka.","Een hart bezitten dat liefde kan geven zonder iets terug te verwachten.","Posiadać serce, które potrafi dawać miłość, nie oczekując nic w zamian.","Å eie et hjerte som kan gi kjærlighet uten å forvente noe tilbake.","Olyan szív birtoklása, amely szeretetet adhat viszonzás nélkül.","בעל לב שיכול לתת אהבה מבלי לצפות לתמורה.","Обладание сердцем, которое может дарить любовь, ничего не ожидая взамен.","Turėti širdį, galinčią duoti meilę nieko nesitikint naudai."
"仁","自分や他人との約束を決して破らない信頼","Trust that never breaks promises to oneself or to others.","Confianza que nunca rompe promesas consigo mismo o con los demás.","Confiance qui ne rompt jamais les promesses envers soi-même ou envers les autres.","Vertrauen, das niemals Versprechen gegenüber sich selbst oder anderen bricht.","Fiducia che non rompe mai le promesse verso se stessi o gli altri.","Tiwala na hindi kailanman sinisira ang mga pangako sa sarili o sa iba.","Confiança que nunca quebra promessas consigo mesmo ou com os outros.","Kendine veya başkalarına verilen sözleri asla bozmayan güven.","ثقة لا تكسر الوعود لنفسك أو للآخرين أبدًا.","Ett förtroende som aldrig bryter löften mot sig själv eller andra.","Vertrouwen dat nooit beloften aan jezelf of anderen breekt.","Zaufanie, które nigdy nie łamie obietnic wobec siebie ani innych.","Tillit som aldri bryter løfter til seg selv eller andre.","Bizalom, amely soha nem szegi meg az ígéreteket önmagával vagy másokkal szemben.","אמון שאף פעם לא שובר הבטחות לעצמך או לאחרים.","Доверие, которое никогда не нарушает обещаний себе или другим.","Pasitikėjimas, kuris niekada nelaužo pažadų sau ar kitiems."
"流","才能や知識が広く、多方面に活躍","A breadth of talent and knowledge, thriving across many fields.","Una amplitud de talento y conocimiento, prosperando en muchos campos.","Une ampleur de talent et de connaissances, prospérant dans de nombreux domaines.","Eine Breite an Talent und Wissen, die in vielen Bereichen gedeiht.","Un'ampiezza di talento e conoscenza, che prospera in molti campi.","Isang lawak ng talento at kaalaman, umuunlad sa maraming larangan.","Uma amplitude de talento e conhecimento, prosperando em muitos campos.","Birçok alanda gelişen geniş yetenek ve bilgi yelpazesi.","اتساع من المواهب والمعرفة يزدهر في العديد من المجالات.","En bredd av talang och kunskap som blomstrar inom många områden.","Een breedte aan talent en kennis die in veel vakgebieden floreert.","Szeroki zakres talentu i wiedzy, rozwijający się w wielu dziedzinach.","En bredde av talent og kunnskap som blomstrer på mange felt.","Tehetség és tudás szélessége, amely sok területen virágzik.","רוחב כישרון וידע המשגשגים בתחומים רבים.","Широта таланта и знаний, процветающая во многих областях.","Talento ir žinių platumas, klestintis daugelyje sričių."
"符","神に守られている存在","A being protected by the divine.","Un ser protegido por lo divino.","Un être protégé par le divin.","Ein Wesen, das vom Göttlichen beschützt wird.","Un essere protetto dal divino.","Isang nilalang na pinoprotektahan ng banal.","Um ser protegido pelo divino.","İlahi tarafından korunan bir varlık.","كائن محمي من قبل الإلهي.","En varelse skyddad av det gudomliga.","Een wezen beschermd door het goddelijke.","Istota chroniona przez boskość.","Et vesen beskyttet av det guddommelige.","Egy lény, akit az isteni véd.","ישות המוגנת על ידי האלוהי.","Существо, защищенное божественным.","Būtybė, saugoma dievybių."
"利","相手に利益を提供する人間関係","Relationships built on offering benefit to others.","Relaciones construidas sobre ofrecer beneficio a los demás.","Des relations construites sur l'offre d'avantages aux autres.","Beziehungen, die darauf aufgebaut sind, anderen Nutzen zu bieten.","Relazioni costruite sull'offrire beneficio agli altri.","Mga relasyon na binuo sa pagbibigay ng kabutihan sa iba.","Relações construídas sobre oferecer benefício aos outros.","Başkalarına fayda sunmaya dayalı ilişkiler.","علاقات مبنية على تقديم منفعة للآخرين.","Relationer byggda på att erbjuda nytta åt andra.","Relaties gebouwd op het bieden van voordeel aan anderen.","Relacje zbudowane na oferowaniu korzyści innym.","Relasjoner bygget på å tilby nytte til andre.","Kapcsolatok, amelyek mások javát szolgálják.","מערכות יחסים הבנויות על מתן תועלת לאחרים.","Отношения, построенные на предложении выгоды другим.","Santykiai, sukurti teikiant naudą kitiems."
"夢","大きな夢が夢じゃなくなる","A great dream becomes no longer just a dream.","Un gran sueño deja de ser solo un sueño.","Un grand rêve cesse d'être seulement un rêve.","Ein großer Traum wird nicht länger nur ein Traum sein.","Un grande sogno non è più solo un sogno.","Isang malaking pangarap na hindi na lamang pangarap.","Um grande sonho deixa de ser apenas um sonho.","Büyük bir rüya artık sadece bir rüya olmaktan çıkar.","حلم عظيم لم يعد مجرد حلم.","En stor dröm slutar vara bara en dröm.","Een grote droom stopt met slechts een droom te zijn.","Wielkie marzenie przestaje być tylko marzeniem.","En stor drøm slutter å være bare en drøm.","Egy nagy álom többé nem csak álom.","חלום גדול מפסיק להיות רק חלום.","Великая мечта перестает быть просто мечтой.","Didelė svajonė tampa nebe tik svajone."
"恵","恵まれた人間関係に感謝している","Grateful for blessed human relationships.","Agradecido por las bendecidas relaciones humanas.","Reconnaissant pour les relations humaines bénies.","Dankbar für gesegnete menschliche Beziehungen.","Grato per le relazioni umane benedette.","Nagpapasalamat para sa pinagpala na mga ugnayan ng tao.","Grato pelas relações humanas abençoadas.","Kutsanmış insan ilişkilerine minnettar.","ممتن للعلاقات الإنسانية المباركة.","Tacksam för välsignade mänskliga relationer.","Dankbaar voor gezegende menselijke relaties.","Wdzięczny za błogosławione relacje międzyludzkie.","Takknemlig for velsignede menneskelige relasjoner.","Hálás a megáldott emberi kapcsolatokért.","אסיר תודה על מערכות יחסים אנושיות מבורכות.","Благодарен за благословенные человеческие отношения.","Dėkingas už palaimintus žmonių santykius."
"理","とても賢く、問題を解決する力が強い","Very wise, with a strong ability to solve problems.","Muy sabio, con una fuerte capacidad para resolver problemas.","Très sage, avec une forte capacité à résoudre les problèmes.","Sehr weise, mit großer Fähigkeit zur Problemlösung.","Molto saggio, con una forte capacità di risolvere problemi.","Napakatalino, may malakas na kakayahan sa paglutas ng problema.","Muito sábio, com forte capacidade de resolver problemas.","Çok bilge, sorun çözme konusunda güçlü bir yetenek.","حكيم جدًا، بقدرة قوية على حل المشكلات.","Mycket vis, med stark förmåga att lösa problem.","Zeer wijs, met een sterke capaciteit om problemen op te lossen.","Bardzo mądry, z silną zdolnością rozwiązywania problemów.","Veldig klok, med sterk evne til å løse problemer.","Nagyon bölcs, erős problémamegoldó képességgel.","חכם מאוד, עם יכולת חזקה לפתור בעיות.","Очень мудрый, с сильной способностью решать проблемы.","Labai išmintingas, turintis stiprų gebėjimą spręsti problemas."
"花","咲いた花を見た時のような幸福感を提供する","Providing happiness like seeing a flower in bloom.","Proporcionando felicidad como ver una flor en flor.","Apportant du bonheur comme voir une fleur en fleur.","Glück spendend wie das Betrachten einer blühenden Blume.","Fornendo felicità come vedere un fiore in fiore.","Nagbibigay ng kaligayahan na parang makakita ng bulaklak na namumulaklak.","Proporcionando felicidade como ver uma flor florescer.","Mutluluk sağlamak, çiçeğin açışını görmek gibi.","يمنح السعادة مثل رؤية زهرة تتفتح.","Ger lycka som att se en blomma blomma.","Geluk brengen zoals het zien van een bloem in bloei.","Dostarczając szczęścia jak widok kwitnącego kwiatu.","Gir lykke som å se en blomst blomstre.","Boldogságot ad, mint amikor egy virág kinyílik.","מספק אושר כמו לראות פרח בפריחה.","Дарить счастье, подобно виду цветущего цветка.","Teikti laimę, lyg matant žydinčią gėlę."
"星","あなたのおかげで希望の星が再び心に光る","Thanks to you, the star of hope shines again in the heart.","Gracias a ti, la estrella de la esperanza brilla de nuevo en el corazón.","Grâce à toi, l'étoile de l'espoir brille à nouveau dans le cœur.","Dank dir leuchtet der Stern der Hoffnung wieder im Herzen.","Grazie a te, la stella della speranza brilla di nuovo nel cuore.","Dahil sa iyo, muling nagniningning ang bituin ng pag-asa sa puso.","Graças a você, a estrela da esperança brilha novamente no coração.","Sayende dolayı, umudun yıldızı kalpte yeniden parlıyor.","بفضلك، يضيء نجم الأمل مرة أخرى في القلب.","Tack vare dig lyser hoppets stjärna igen i hjärtat.","Dankzij jou straalt de ster van hoop weer in het hart.","Dzięki tobie gwiazda nadziei znów świeci w sercu.","Takket være deg skinner håpets stjerne igjen i hjertet.","Neked köszönhetően a remény csillaga ismét ragyog a szívben.","בזכותך, כוכב התקווה זורח שוב בלב.","Благодаря вам звезда надежды снова сияет в сердце.","Jūsų dėka vilties žvaigždė vėl šviečia širdyje."
"莉","清らかな香りを放ち、周囲にやさしい癒しを届ける心","A heart that releases a pure fragrance, bringing gentle healing to those around.","Un corazón que libera una fragancia pura, trayendo una suave sanación a los que te rodean.","Un cœur qui libère un parfum pur, apportant une douce guérison à ceux qui l'entourent.","Ein Herz, das einen reinen Duft verströmt und sanfte Heilung für die Umgebung bringt.","Un cuore che libera un profumo puro, portando una dolce guarigione a chi ti circonda.","Isang puso na nagpapalabas ng dalisay na halimuyak, nagdudulot ng banayad na paggaling sa mga nasa paligid.","Um coração que libera uma fragrância pura, trazendo uma suave cura aos que o rodeiam.","Etrafındakilere nazik bir şifa getiren saf bir koku yayan bir kalp.","قلب يطلق عبيرًا نقيًا، يجلب شفاءً لطيفًا لمن حوله.","Ett hjärta som sprider en ren doft och ger mild läkning åt dem omkring.","Een hart dat een zuivere geur verspreidt en zachte genezing brengt aan de mensen om je heen.","Serce, które uwalnia czysty zapach, przynosząc łagodne uzdrowienie otoczeniu.","Et hjerte som frigjør en ren duft og gir mild helbredelse til de rundt.","Egy szív, amely tiszta illatot áraszt, gyengéd gyógyulást hozva a környezetének.","לב שמשחרר ריח טהור, מביא ריפוי עדין לסובבים אותו.","Сердце, источающее чистый аромат, приносящее нежное исцеление окружающим.","Širdis, skleidžianti tyrą aromatą, teikianti švelnų gijimą aplinkiniams."
"空","大空のように、自由で無限の可能性を抱く精神","A spirit as vast as the sky, embracing freedom and infinite possibilities.","Un espíritu tan vasto como el cielo, abrazando la libertad y posibilidades infinitas.","Un esprit aussi vaste que le ciel, embrassant la liberté et les possibilités infinies.","Ein Geist so weit wie der Himmel, der Freiheit und unendliche Möglichkeiten umarmt.","Uno spirito vasto come il cielo, che abbraccia la libertà e possibilità infinite.","Isang espiritu na kasinglawak ng langit, niyayakap ang kalayaan at walang katapusang posibilidad.","Um espírito tão vasto quanto o céu, abraçando a liberdade e possibilidades infinitas.","Gökyüzü kadar geniş bir ruh, özgürlüğü ve sonsuz olasılıkları kucaklar.","روح واسعة كالسما، تحتضن الحرية والإمكانات اللامتناهية.","En ande så vid som himlen, som omfamnar frihet och oändliga möjligheter.","Een geest zo uitgestrekt als de hemel, die vrijheid en oneindige mogelijkheden omarmt.","Duch tak rozległy jak niebo, obejmujący wolność i nieskończone możliwości.","En ånd så vid som himmelen, som omfavner frihet og uendelige muligheter.","Egy égig érő lélek, amely a szabadságot és végtelen lehetőségeket öleli át.","רוח רחבה כהשמיים, מחבקת חירות ואפשרויות אינסופיות.","Дух, обширный как небо, охватывающий свободу и бесконечные возможности.","Dvasia, plati kaip dangus, priimanti laisvę ir begalines galimybes."
"龍","天を翔ける力強さと、深い知恵を兼ね備えた守護の象徴","A guardian symbol of soaring strength and profound wisdom.","Un símbolo guardián de fuerza ascendente y profunda sabiduría.","Un symbole gardien de force ascendante et de sagesse profonde.","Ein Wächtersymbol für aufsteigende Stärke und tiefe Weisheit.","Un simbolo guardiano di forza ascendente e profonda saggezza.","Isang simbolong tagapangalaga ng tumataas na lakas at malalim na karunungan.","Um símbolo guardião de força ascendente e sabedoria profunda.","Yükselen güç ve derin bilgelik simgesi bir koruyucu.","رمز حارس للقوة الصاعدة والحكمة العميقة.","En väktarsymbol för stigande styrka och djup visdom.","Een beschermend symbool van stijgende kracht en diepe wijsheid.","Symbol strażniczy wznoszącej się siły i głębokiej mądrości.","Et voktersymbol på stigende styrke og dyp visdom.","Egy őrzőszimbólum a növekvő erőről és mély bölcsességről.","סמל שומר של כוח עולה וחוכמה עמוקה.","Символ-хранитель парящей силы и глубокой мудрости.","Saugantis kylančios jėgos ir gilios išminties simbolis."
"桜","日本の桜、一瞬の美しさに人生の儚さを映し、周囲に喜びを咲かせる存在","Japan’s cherry blossoms, reflecting life’s fleeting beauty and bringing joy to those around.","Los cerezos en flor de Japón, reflejando la belleza efímera de la vida y trayendo alegría a los que te rodean.","Les cerisiers en fleurs du Japon, reflétant la beauté éphémère de la vie et apportant de la joie à ceux qui vous entourent.","Japans Kirschblüten, die die vergängliche Schönheit des Lebens widerspiegeln und Freude bringen.","I ciliegi in fiore del Giappone, riflettendo la bellezza effimera della vita e portando gioia a chi ti circonda.","Mga cherry blossom ng Japan, sumasalamin sa panandaliang ganda ng buhay at nagdudulot ng saya sa paligid.","As cerejeiras em flor do Japão, refletindo a beleza efêmera da vida e trazendo alegria aos que o rodeiam.","Japonya'nın çiçek açan kirazları, hayatın gelip geçici güzelliğini yansıtarak çevresine neşe getirir.","أزهار الكرز اليابانية، تعكس جمال الحياة الزائل وتجلب الفرح لمن حولك.","Japans körsbärsblommor, som speglar livets flyktiga skönhet och ger glädje åt dem omkring.","De kersenbloesems van Japan, die de vergankelijke schoonheid van het leven weerspiegelen en vreugde brengen.","Japońskie kwiaty wiśni, odzwierciedlające przemijające piękno życia i przynoszące radość otoczeniu.","Japans kirsebærblomster, som reflekterer livets flyktige skjønnhet og gir glede til de rundt.","Japán cseresznyevirágok, amelyek az élet múló szépségét tükrözik és örömet hoznak a környezetnek.","פריחת הדובדבן של יפן, המשקפת את יופיו החולף של החיים ומביאה שמחה לסובבים.","Сакура Японии, отражающая мимолетную красоту жизни и приносящая радость окружающим.","Japonijos vyšnių žiedai, atspindintys trumpalaikį gyvenimo grožį ir teikiantys džiaugsmą aplinkiniams."
"門","新しい世界へと人を導き、出会いと縁を結ぶ入り口","A gateway that leads people to new worlds, weaving encounters and connections.","Una puerta que conduce a nuevos mundos, tejiendo encuentros y conexiones.","Une porte qui mène à de nouveaux mondes, tissant rencontres et connexions.","Ein Tor, das Menschen in neue Welten führt und Begegnungen sowie Verbindungen webt.","Un portale che conduce a nuovi mondi, tessendo incontri e connessioni.","Isang pintuan na nagdadala sa mga bagong mundo, hinahabi ang mga pagkikita at koneksyon.","Um portal que leva a novos mundos, tecendo encontros e conexões.","Yeni dünyalara açılan bir kapı, karşılaşmaları ve bağlantıları örer.","بوابة تقود إلى عوالم جديدة، تنسج اللقاءات والروابط.","En port som leder till nya världar och väver möten och förbindelser.","Een poort die mensen naar nieuwe werelden leidt en ontmoetingen en verbindingen weeft.","Brama prowadząca do nowych światów, tka spotkania i połączenia.","En port som leder til nye verdener, og vever møter og forbindelser.","Egy kapu, amely új világokhoz vezet, találkozásokat és kapcsolatokat sző.","שער שמוביל לעולמות חדשים, טווה מפגשים וקשרים.","Врата, ведущие людей в новые миры, соткав встречи и связи.","Vartai, vedantys žmones į naujus pasaulius, pinantys susitikimus ir ryšius."
"照","光を放ち、暗闇を照らすことで人々に安心と希望を与える","Shining light into darkness, offering comfort and hope to people.","Iluminando la oscuridad, ofreciendo consuelo y esperanza a la gente.","Éclairant l'obscurité, offrant réconfort et espoir aux gens.","Licht in die Dunkelheit bringend, Trost und Hoffnung spendend.","Illuminando l'oscurità, offrendo conforto e speranza alle persone.","Nagliliwanag sa kadiliman, nag-aalok ng aliw at pag-asa sa mga tao.","Iluminando a escuridão, oferecendo consolo e esperança às pessoas.","Karanlığı aydınlatıp insanlara teselli ve umut sunmak.","يضيء الظلام، مقدمًا العزاء والأمل للناس.","Lyser upp mörkret och erbjuder tröst och hopp åt människor.","Het duister verlichtend, troost en hoop biedend aan mensen.","Rozświetlając ciemność, oferując pocieszenie i nadzieję ludziom.","Lyser opp mørket, og tilbyr trøst og håp til folk.","Megvilágítva a sötétséget, vigaszt és reményt nyújtva az embereknek.","מאיר את החושך, מציע נחמה ותקווה לאנשים.","Светящийся свет во тьме, предлагающий утешение и надежду людям.","Šviečianti šviesa tamsoje, teikianti guodimą ir viltį žmonėms."
"凛","澄んだ空気のようにクールな姿勢、周囲に尊敬を呼び起こす。なのに、どこか可愛いさもある。","A cool stance like clear air, inspiring respect—yet with a touch of endearing charm.","Una postura fresca como el aire claro, inspirando respeto—pero con un toque de encanto entrañable.","Une posture fraîche comme l'air pur, inspirant le respect—mais avec une touche de charme attachant.","Eine kühle Haltung wie klare Luft, die Respekt inspiriert—doch mit einem Hauch von liebenswürdigem Charme.","Una postura fresca come aria limpida, ispirando rispetto—ma con un tocco di fascino affabile.","Isang preskong tindig na parang malinaw na hangin, nagbibigay ng paggalang—ngunit may kaakit-akit na alindog.","Uma postura fresca como ar puro, inspirando respeito—mas com um toque de charme cativante.","Temiz hava gibi serin bir duruş, saygı uyandırır—ama sevimli bir çekicilik dokunuşuyla.","وقفة باردة كهواء نقي، تلهم الاحترام—لكن مع لمسة من السحر المحبب.","En sval hållning som klar luft, som inger respekt—men med en touch av charmig värme.","Een koele houding als heldere lucht, die respect inspireert—maar met een vleugje innemende charme.","Chłodna postawa jak czyste powietrze, budząca szacunek—ale z nutą ujmującego uroku.","En frisk holdning som klar luft, som inspirerer respekt—men med et snev av sjarmerende varme.","Friss tartás, mint a tiszta levegő, tiszteletet ébreszt—de szerethető bájjal.","יציבה קרירה כמו אוויר צלול, מעוררת כבוד—אך עם נגיעה של חן חביב.","Прохладная позиция, как чистый воздух, внушающая уважение, но с ноткой обаяния.","Vėsi laikysena kaip tyras oras, įkvepianti pagarbą, bet su žavingu patrauklumu."
"好","素直な好意と親しみを持ち、人と人を結びつける温かさ","A warmth that connects people with honest affection.","Calidez que conecta a las personas con afecto sincero.","Chaleur qui relie les gens avec une affection sincère.","Wärme, die Menschen mit ehrlicher Zuneigung verbindet.","Calore che unisce le persone con sincero affetto.","Taos-pusong pagmamahal na nag-uugnay sa mga tao.","Calor que conecta pessoas com afeto sincero.","Samimi sevgiyle insanları birleştiren bir sıcaklık.","دفء يربط بين الناس بمودة صادقة.","En värme som förenar människor med äkta omtanke.","Een warmte die mensen verbindt met oprechte genegenheid.","Ciepło, które łączy ludzi szczerą serdecznością.","Varme som knytter folk sammen med oppriktig omtanke.","Őszinte szeretettel összekötő melegség.","חום שמחבר בין אנשים בחיבה כנה.","Теплота, которая соединяет людей с искренней привязанностью.","Šiluma, jungianti žmones nuoširdžia meile."
"蔵","大切なものを心に秘め、必要な時に智慧や愛を惜しみなく分かち合う","Sharing wisdom and love stored in the heart.","Compartir la sabiduría y el amor guardados en el corazón.","Partager la sagesse et l'amour conservés dans le cœur.","Weisheit und Liebe teilen, die im Herzen bewahrt werden.","Condividere la saggezza e l’amore custoditi nel cuore.","Pagbabahagi ng karunungan at pag-ibig na nakatago sa puso.","Compartilhar sabedoria e amor guardados no coração.","Kalbimizde saklanan bilgelik ve sevgiyi paylaşmak.","مشاركة الحكمة والمحبة المختزنة في القلب.","Att dela visdom och kärlek som finns bevarad i hjärtat.","Wijsheid en liefde delen die in het hart bewaard zijn.","Dzielenie się mądrością i miłością przechowywaną w sercu.","Å dele visdom og kjærlighet som ligger i hjertet.","A szívben őrzött bölcsesség és szeretet megosztása.","לשתף חוכמה ואהבה השמורות בלב.","Делиться мудростью и любовью, хранящимися в сердце.","Dalintis išmintimi ir meile, saugoma širdyje."
"麻","素朴で強靭、自然と調和しながらしなやかに生きる力","A simple yet resilient strength in harmony with nature.","Una fuerza simple pero resistente en armonía con la naturaleza.","Une force simple mais résiliente en harmonie avec la nature.","Eine einfache, doch widerstandsfähige Kraft in Harmonie mit der Natur.","Una forza semplice ma resiliente in armonia con la natura.","Simpleng lakas na matatag at kaayon ng kalikasan.","Uma força simples porém resiliente em harmonia com a natureza.","Doğa ile uyum içinde basit ama dayanıklı bir güç.","قوة بسيطة لكنها متينة وفي تناغم مع الطبيعة.","En enkel men motståndskraftig styrka i harmoni med naturen.","Eenvoudige maar veerkrachtige kracht in harmonie met de natuur.","Prosta, lecz odporna siła w harmonii z naturą.","En enkel, men motstandsdyktig styrke i harmoni med naturen.","Egyszerű, mégis rugalmas erő a természettel összhangban.","כוח פשוט אך עמיד בהרמוניה עם הטבע.","Простая, но стойкая сила в гармонии с природой.","Paprasta, bet ištverminga jėga dermėje su gamta."
"宝","人生に輝きをもたらす、かけがえのない存在や価値","A precious presence that brings brilliance to life.","Una presencia preciosa que aporta brillo a la vida.","Une présence précieuse qui apporte de l'éclat à la vie.","Eine kostbare Präsenz, die dem Leben Glanz verleiht.","Una presenza preziosa che dona splendore alla vita.","Isang mahalagang presensya na nagbibigay-kinang sa buhay.","Uma presença preciosa que traz brilho à vida.","Hayata parlaklık katan değerli bir varlık.","وجود ثمين يضفي بريقًا على الحياة.","En dyrbar närvaro som skänker livet glans.","Een kostbare aanwezigheid die glans aan het leven geeft.","Cenna obecność, która nadaje życiu blask.","En verdifull tilstedeværelse som gir livet glans.","Értékes jelenlét, amely ragyogást ad az életnek.","נוכחות יקרה שמביאה ברק לחיים.","Драгоценное присутствие, приносящее блеск в жизнь.","Brangus buvimas, suteikiantis gyvenimui spindesio."
"葉","四季に揺れる葉のように、生命の循環を映す柔らかな心","A gentle heart reflecting the cycle of life, like leaves swaying through the seasons.","Un corazón suave que refleja el ciclo de la vida.","Un cœur doux reflétant le cycle de la vie.","Ein sanftes Herz, das den Kreislauf des Lebens widerspiegelt.","Un cuore gentile che riflette il ciclo della vita.","Malambot na pusong sumasalamin sa siklo ng buhay.","Um coração suave que reflete o ciclo da vida.","Yaşam döngüsünü yansıtan nazik bir kalp.","قلب لطيف يعكس دورة الحياة.","Ett milt hjärta som speglar livets cykel.","Een zacht hart dat de levenscyclus weerspiegelt.","Delikatne serce odzwierciedlające cykl życia.","Et mildt hjerte som gjenspeiler livets syklus.","Gyengéd szív, amely az élet körforgását tükrözi.","לב עדין המשקף את מחזור החיים.","Нежное сердце, отражающее цикл жизни, подобно листьям, качающимся по сезонам.","Švelni širdis, atspindinti gyvenimo ciklą, kaip lapai, siūbuojantys per metų laikus."
"聖","清らかな精神で、人々に導きと守護を与える存在","A pure spirit that guides and protects people.","Un espíritu puro que guía y protege a las personas.","Un esprit pur qui guide et protège les gens.","Ein reiner Geist, der Menschen führt und beschützt.","Uno spirito puro che guida e protegge le persone.","Purong diwa na gumagabay at nagpoprotekta.","Um espírito puro que guia e protege as pessoas.","İnsanları yönlendiren ve koruyan saf bir ruh.","روح نقية ترشد الناس وتمنحهم الحماية.","En ren ande som vägleder och beskyddar människor.","Een zuivere geest die mensen leidt en beschermt.","Czysty duch, który prowadzi i chroni ludzi.","En ren ånd som veileder og beskytter mennesker.","Tiszta lélek, amely vezet és védelmet nyújt.","נפש טהורה המדריכה ומגינה על אנשים.","Чистый дух, который направляет и защищает людей.","Tyra dvasia, kuri veda ir saugo žmones."
"留","大切なものを心に留め、忘れずに守り続ける誠実さ","Sincerity that keeps precious things in the heart.","Sinceridad que guarda lo valioso en el corazón.","Sincérité qui garde les choses précieuses dans le cœur.","Aufrichtige Treue, die Wertvolles im Herzen bewahrt.","Sincerità che conserva nel cuore ciò che è prezioso.","Tapat na puso na nag-iingat ng mahahalaga.","Sinceridade que guarda o que é precioso no coração.","Kıymetli şeyleri kalpte saklayan içtenlik.","إخلاص يحفظ الأشياء الثمينة في القلب.","Uppriktighet som bevarar det dyrbara i hjärtat.","Oprechtheid die het kostbare in het hart bewaart.","Szczerość, która przechowuje cenne rzeczy w sercu.","Ærlighet som bevarer det verdifulle i hjertet.","Őszinteség, amely őrzi a szívben a fontosat.","כנות השומרת על היקר בלב.","Искренность, которая хранит драгоценные вещи в сердце.","Nuoširdumas, saugantis brangius dalykus širdyje."
"富","豊かさを分かち合い、心と生活を満たす繁栄の象徴","A symbol of prosperity, sharing abundance and fulfillment.","Un símbolo de prosperidad que comparte abundancia.","Un symbole de prospérité qui partage l'abondance.","Ein Symbol des Wohlstands, das Fülle teilt.","Un simbolo di prosperità che condivide abbondanza.","Sagisag ng kasaganaan na nagbabahagi ng yaman.","Um símbolo de prosperidade que compartilha abundância.","Refahı ve bolluğu paylaşan bir sembol.","رمز للرخاء يشارك الوفرة.","En symbol för välstånd och överflöd.","Een symbool van voorspoed en overvloed.","Symbol dobrobytu dzielącego się obfitością.","Et symbol på velstand og overflod.","A jólét bőséget megosztó jelképe.","סמל לשפע ולשגשוג.","Символ процветания, делящийся изобилием и самореализацией.","Klestėjimo simbolis, dalijantis gausą ir pilnatvę."
"紫","神秘と高貴をまとい、深い精神性を表す色彩の心","A heart clothed in mystery and nobility, expressing deep spirituality.","Un corazón envuelto en misterio y nobleza.","Un cœur empreint de mystère et de noblesse.","Ein Herz voller Geheimnis und Adel.","Un cuore avvolto nel mistero e nella nobiltà.","Pusong nababalot ng hiwaga at kadakilaan.","Um coração envolto em mistério e nobreza.","Gizem ve soylulukla örtülü bir kalp.","قلب مغطى بالغموض والنبالة.","En hjärta fyllt av mystik och ädelhet.","Een hart vol mysterie en adel.","Serce pełne tajemnicy i szlachetności.","Et hjerte fylt av mysterium og edelhet.","Titokkal és nemességgel teli szív.","לב עטוף מסתורין ואצילות.","Сердце, облеченное в тайну и благородство, выражающее глубокую духовность.","Širdis, apgaubta paslapties ir kilnumo, išreiškianti gilią dvasinę būseną."
"紗","透ける布のように、柔らかく繊細な感性を持つ","Possessing a delicate sensibility, like a sheer soft fabric.","Con una sensibilidad delicada como un suave velo.","Avec une sensibilité délicate comme un tissu léger.","Mit einer zarten Sensibilität wie ein Schleiergewebe.","Con una delicata sensibilità come un velo leggero.","May banayad at maselang pakiramdam.","Com uma sensibilidade delicada como um tecido leve.","Hassas ve narin bir duyuşa sahip.","بحساسية رقيقة مثل قماش شفاف.","Med en mjuk och fin känslighet som ett tunt tyg.","Met een fijne en zachte gevoeligheid als een dunne stof.","Delikatna wrażliwość niczym lekka tkanina.","Med en delikat følsomhet som et tynt stoff.","Törékeny és lágy érzékenységgel bíró.","ברגישות עדינה כמו בד דק.","Обладание тонкой чувствительностью, подобно прозрачной мягкой ткани.","Turėti subtilų jautrumą, lyg skaidrų minkštą audinį."
"論","真理を探求し、言葉で人々を導く知恵の力","The power of wisdom guiding people through words.","El poder de la sabiduría que guía a las personas con palabras.","Le pouvoir de la sagesse qui guide les gens par les mots.","Die Kraft der Weisheit, die Menschen durch Worte führt.","La forza della saggezza che guida le persone con le parole.","Ang kapangyarihan ng karunungan na umaakay sa pamamagitan ng salita.","O poder da sabedoria que guia através das palavras.","Sözlerle insanları yönlendiren bilgelik gücü.","قوة الحكمة التي تهدي الناس بالكلمات.","Visdomen som vägleder människor genom ord.","De wijsheid die mensen door woorden leidt.","Mądrość prowadząca ludzi słowami.","Visdomens kraft som leder mennesker gjennom ord.","A bölcsesség hatalma, amely szavakkal vezet.","כוח החוכמה המנחה אנשים באמצעות מילים.","Сила мудрости, направляющая людей через слова.","Išminties galia, vedanti žmones per žodžius."
"樹","大地に根を張り、枝葉を広げて人々を守る安定と成長","Rooted in the earth, offering stability and growth.","Arraigado en la tierra, ofreciendo estabilidad y crecimiento.","Enraciné dans la terre, offrant stabilité et croissance.","In der Erde verwurzelt, bietet Stabilität und Wachstum.","Radicato nella terra, offrendo stabilità e crescita.","Nakaugat sa lupa, nagbibigay ng katatagan at paglago.","Enraizado na terra, oferecendo estabilidade e crescimento.","Yere kök salmış, istikrar ve büyüme sunan.","متجذر في الأرض، مانحًا الاستقرار والنمو.","Fast rotad i jorden och skänker stabilitet och tillväxt.","Vastgeworteld in de aarde, biedt stabiliteit en groei.","Głęboko zakorzenione, dające stabilność i wzrost.","Dypt forankret i jorden og gir stabilitet og vekst.","A földben gyökerezve stabilitást és növekedést ad.","משתרש באדמה ומעניק יציבות וצמיחה.","Укоренившись в земле, предлагая стабильность и рост.","Įsišaknijęs žemėje, teikiantis stabilumą ir augimą."
"華","華やかに咲き誇り、周囲に喜びと美を届ける存在","Blooming brilliantly, bringing joy and beauty.","Floreciendo con brillo, trayendo alegría y belleza.","Épanouissant avec éclat, apportant joie et beauté.","Glänzend blühend und Freude sowie Schönheit bringend.","Fiorendo splendidamente e portando gioia e bellezza.","Namumulaklak nang may kinang, nagdadala ng saya at ganda.","Florindo com brilho, trazendo alegria e beleza.","Işıltıyla açan ve neşe ile güzellik getiren.","تتفتح ببهاء وتمنح الفرح والجمال.","Blomstrande med prakt och skänker glädje och skönhet.","Stralend bloeiend en brengt vreugde en schoonheid.","Rozkwitając, przynosi radość i piękno.","Strålende blomstring som gir glede og skjønnhet.","Ragyogva virágzik és örömet, szépséget hoz.","פורחת בזוהר ומביאה שמחה ויופי.","Блестящее цветение, приносящее радость и красоту.","Ryškus žydėjimas, teikiantis džiaugsmą ir grožį."
"縁","人と人を結び、人生に意味を与える不思議なつながり","A mysterious bond that connects people and gives meaning.","Un lazo misterioso que une a las personas y da significado.","Un lien mystérieux reliant les gens et donnant un sens.","Ein geheimnisvolles Band, das Menschen verbindet und Bedeutung gibt.","Un legame misterioso che collega le persone e dà significato.","Mahiwagang ugnayan na nagdurugtong sa mga tao.","Um laço misterioso que conecta pessoas e dá sentido.","İnsanları birleştiren gizemli bir bağ.","رابط غامض يربط الناس ويمنحهم معنى.","En mystisk förbindelse som knyter människor samman.","Een mystieke band die mensen verbindt en betekenis geeft.","Tajemnicza więź łącząca ludzi i nadająca sens.","En mystisk forbindelse som knytter mennesker sammen.","Misztikus kötelék, amely összeköt és értelmet ad.","קשר מסתורי המחבר בין אנשים ונותן משמעות.","Таинственная связь, которая соединяет людей и дает смысл.","Paslaptingas ryšys, jungiantis žmones ir suteikiantis prasmę."
"志","高い志を胸に抱き、未来へと歩む力強い精神","A powerful spirit driven by aspiration.","Un espíritu poderoso impulsado por la aspiración.","Un esprit puissant guidé par l’aspiration.","Ein kraftvoller Geist, der von Bestreben getragen ist.","Uno spirito potente guidato dall’aspirazione.","Makapangyarihang diwa na hinihimok ng mithiin.","Um espírito poderoso movido pela aspiração.","Azimle yönlendirilen güçlü bir ruh.","روح قوية مدفوعة بالطموح.","En kraftfull ande driven av strävan.","Een krachtige geest gedreven door ambitie.","Potężny duch napędzany aspiracją.","En mektig ånd drevet av ambisjon.","Erős lélek, amelyet a törekvés mozgat.","רוח חזקה המונעת על ידי שאיפה.","Мощный дух, движимый стремлением.","Galinga dvasia, vedama siekių."
"琉","澄んだ青のように、清らかで澄み渡る心","A heart as clear and pure as shining blue.","Un corazón tan puro y claro como un azul brillante.","Un cœur pur et clair comme un bleu lumineux.","Ein Herz so rein und klar wie strahlendes Blau.","Un cuore puro e limpido come un azzurro splendente.","Dalisay na puso na kasing-linaw ng bughaw.","Um coração puro e claro como um azul brilhante.","Parlak mavi kadar saf ve duru bir kalp.","قلب صافٍ ونقي كلون أزرق لامع.","Ett hjärta lika klart och rent som glänsande blått.","Een hart zo helder en puur als stralend blauw.","Serce czyste i jasne jak lśniący błękit.","Et hjerte så klart og rent som skinnende blått.","Tiszta és ragyogó szív, mint a fénylő kék.","לב צלול וטהור כמו כחול זוהר.","Сердце, такое же ясное и чистое, как сияющая синева.","Širdis, tokia pat gūdi ir tyra kaip spindintis mėlis."
"世","時代や人々を照らし、広く世界に働きかける力","A broad outlook that illuminates and influences the world.","Una visión amplia que ilumina e influye en el mundo.","Une vision large qui éclaire et influence le monde.","Ein weiter Blick, der die Welt erhellt und beeinflusst.","Una visione ampia che illumina e influenza il mondo.","Malawak na pananaw na nagbibigay-liwanag sa mundo.","Um olhar amplo que ilumina e influencia o mundo.","dünyayı aydınlatan ve etkileyen geniş bir bakış.","رؤية واسعة تنير العالم وتؤثر فيه.","En bred syn som lyser upp och påverkar världen.","Een brede visie die de wereld verlicht en beïnvloedt.","Szeroka perspektywa, która oświetla i wpływa na świat.","En vid forståelse som opplyser og påvirker verden.","Széles látásmód, amely megvilágítja és hat a világra.","חזון רחב שמאיר ומשפיע על העולם.","Широкий кругозор, который освещает мир и влияет на него.","Platus požiūris, apšviečiantis ir veikiantis pasaulį."
"呂","穏やかで柔らかな響きを持ち、人の心を和ませる性質","A soft, harmonious tone that soothes the heart.","Un tono suave y armonioso que calma el corazón.","Un ton doux et harmonieux qui apaise le cœur.","Ein weicher, harmonischer Klang, der das Herz beruhigt.","Un tono morbido e armonioso che calma il cuore.","Malumanay na himig na nagpapatahimik ng puso.","Um tom suave e harmonioso que acalma o coração.","Yumuşak ve uyumlu bir tını, kalbi yatıştırır.","نغمة ناعمة متناغمة تهدئ القلب.","En mjuk och harmonisk ton som lugnar hjärtat.","Een zachte harmonieuze toon die het hart kalmeert.","Delikatny, harmonijny ton uspokajający serce.","En myk og harmonisk tone som beroliger hjertet.","Lágy és harmonikus hang, amely megnyugtatja a szívet.","צליל רך והרמוני שמרגיע את הלב.","Мягкий, гармоничный тон, который успокаивает сердце.","Švelnus, harmoningas tonas, raminantis širdį."
"有","価値あるものを持ち、それを活かして人を助ける力","A heart that recognizes value and helps others with it.","Un corazón que reconoce el valor y ayuda a otros con él.","Un cœur qui reconnaît la valeur et aide les autres.","Ein Herz, das Wert erkennt und anderen hilft.","Un cuore che riconosce il valore e aiuta gli altri.","Pusong kumikilala ng halaga at tumutulong sa iba.","Um coração que reconhece o valor e ajuda os outros.","Değeri bilen ve başkalarına yardım eden bir kalp.","قلب يدرك القيمة ويساعد الآخرين بها.","En hjärta som känner värde och hjälper andra.","Een hart dat waarde erkent en anderen helpt.","Serce, które rozpoznaje wartość i pomaga innym.","Et hjerte som kjenner verdi og hjelper andre.","Értéket felismerő és másokat segítő szív.","לב שמזהה ערך ועוזר לאחרים.","Сердце, которое признает ценность и помогает другим с ее помощью.","Širdis, atpažįstanti vertę ir padedanti kitiems per ją."
"完","物事を最後まで仕上げ、調和をもたらす整った心","The ability to complete things and bring harmony.","La capacidad de completar cosas y traer armonía.","La capacité d’accomplir et d’apporter harmonie.","Die Fähigkeit, Dinge zu vollenden und Harmonie zu bringen.","La capacità di completare e portare armonia.","Kakayahang tapusin ang mga bagay at magdala ng armonya.","A capacidade de concluir coisas e trazer harmonia.","İşleri tamamlama ve uyum getirme yeteneği.","القدرة على إتمام الأمور وجلب الانسجام.","Förmågan att slutföra och skapa harmoni.","Het vermogen om dingen te voltooien en harmonie te brengen.","Zdolność kończenia rzeczy i wprowadzania harmonii.","Evnen til å fullføre ting og bringe harmoni.","A dolgok befejezésének és a harmónia megteremtésének képessége.","היכולת להשלים דברים ולהביא הרמוניה.","Способность завершать дела и приносить гармонию.","Gebėjimas užbaigti dalykus ir atnešti harmoniją."
"伝","大切な思いを受け継ぎ、未来へと伝える力","The power to inherit precious thoughts and carry them into the future.","El poder de heredar pensamientos valiosos y llevarlos hacia el futuro.","Le pouvoir d’hériter de pensées précieuses et de les porter vers l’avenir.","Die Kraft, kostbare Gedanken zu bewahren und in die Zukunft zu tragen.","Il potere di ereditare pensieri preziosi e portarli nel futuro.","Lakas na nagmamana ng mahahalagang kaisipan at dinadala ang mga ito sa hinaharap.","O poder de herdar pensamentos preciosos e levá-los para o futuro.","Değerli düşünceleri devralıp geleceğe taşıma gücü.","قوة توريث الأفكار القيّمة وحملها إلى المستقبل.","Kraften att ta emot värdefulla tankar och bära dem in i framtiden.","De kracht om kostbare gedachten te erven en ze mee te nemen naar de toekomst.","Siła dziedziczenia cennych myśli i niesienia ich w przyszłość.","Kraften til å arve verdifulle tanker og føre dem inn i fremtiden.","Az erő, hogy értékes gondolatokat örököljünk, és továbbvigyük őket a jövőbe.","הכוח לרשת מחשבות יקרות ערך ולקחת אותן אל העתיד.","Сила наследовать драгоценные мысли и нести их в будущее.","Galia paveldėti brangias mintis ir nešti jas į ateitį."
"陸","揺るがない岩盤の大地のように、安定と確かさをもたらす存在","A presence like unshakable bedrock, bringing stability and certainty.","Una presencia como un lecho rocoso inamovible que aporta estabilidad y certeza.","Une présence telle un roc inébranlable, apportant stabilité et certitude.","Eine Präsenz wie ein unerschütterliches Felsfundament, die Stabilität und Gewissheit bringt.","Una presenza simile a una roccia incrollabile che porta stabilità e sicurezza.","Presensiyang matatag na parang di-natitinag na batuhan, nagbibigay ng tibay at katiyakan.","Uma presença como um leito de rocha inabalável, que traz estabilidade e certeza.","Sarsılmaz bir kaya zemini gibi bir varlık, istikrar ve güven verir.","حضور يشبه صخراً ثابتاً لا يتزعزع، يجلب الاستقرار واليقين.","En närvaro som ett orubbligt bergfundament, som skänker stabilitet och trygghet.","Een aanwezigheid als een onwankelbare rotsbodem, die stabiliteit en zekerheid brengt.","Obecność niczym niewzruszone skalne podłoże, dająca stabilność i pewność.","En tilstedeværelse som et urokkelig fjellfundament, som gir stabilitet og trygghet.","Jelenlét, mint egy megingathatatlan sziklaalap, amely stabilitást és biztonságot ad.","נוכחות יציבה כסלע שלא מתערער, המביאה יציבות וביטחון.","Присутствие, подобное непоколебимому основанию, приносящее стабильность и уверенность.","Buvimas kaip nepajudinamas pagrindas, teikiantis stabilumą ir tikrumą."
"詩","豊かな感性と表現力で、人々の心に響きを届ける","With rich sensitivity and expressive power, delivering resonance to people’s hearts.","Con gran sensibilidad y poder expresivo, llevando resonancia a los corazones de las personas.","Avec une grande sensibilité et une forte expressivité, apportant une résonance au cœur des gens.","Mit großer Sensibilität und Ausdruckskraft, die die Herzen der Menschen berührt.","Con ricca sensibilità e forza espressiva, portando risonanza ai cuori delle persone.","Sa masaganang damdamin at malakas na pagpapahayag, umaabot sa puso ng mga tao.","Com sensibilidade rica e grande poder de expressão, levando ressonância aos corações das pessoas.","Zengin duyarlılık ve güçlü ifade yeteneğiyle insanların kalplerine dokunan bir yankı.","بحساسية غنية وقوة تعبيرية كبيرة تصل أصداؤها إلى قلوب الناس.","Med rik känslighet och stark uttryckskraft som får klang i människors hjärtan.","Met rijke gevoeligheid en grote zeggingskracht, waardoor het weerklank vindt in mensen hun hart.","Dzięki bogatej wrażliwości i sile wyrazu, niosąc rezonans do ludzkich serc.","Med rik følsomhet og sterk uttrykksevne som skaper gjenklang i menneskers hjerter.","Gazdag érzékenységgel és erőteljes kifejezőerővel, visszhangot keltve az emberek szívében.","בעזרת רגישות עשירה ועוצמה ביטויית, נוגעת ומדהדת בלבבות האנשים.","С богатой чувствительностью и выразительной силой, донося резонанс до сердец людей.","Su turtingu jautrumu ir išraiškos galia, teikiant atgarsį žmonių širdims."
"雅","上品で洗練された心を持ち、調和と美を尊ぶ精神","A refined heart that values harmony and beauty.","Un corazón refinado que valora la armonía y la belleza.","Un cœur raffiné qui accorde de la valeur à l’harmonie et à la beauté.","Ein verfeinertes Herz, das Harmonie und Schönheit schätzt.","Un cuore raffinato che apprezza l’armonia e la bellezza.","Pinong puso na pinahahalagahan ang pagkakaisa at kagandahan.","Um coração refinado que valoriza a harmonia e a beleza.","Uyumu ve güzelliği önemseyen zarif bir kalp.","قلب راقٍ يقدّر الانسجام والجمال.","Ett förfinat hjärta som värdesätter harmoni och skönhet.","Een verfijnd hart dat harmonie en schoonheid waardeert.","Wytworne serce, które ceni harmonię i piękno.","Et raffinert hjerte som verdsetter harmoni og skjønnhet.","Egy kifinomult szív, amely nagyra értékeli a harmóniát és a szépséget.","לב מעודן שמעריך הרמוניה ויופי.","Изысканное сердце, которое ценит гармонию и красоту.","Rafinuota širdis, vertinanti harmoniją ir grožį."
"月","静かに夜を照らし、移ろう時を優しく見守る光","A gentle light that illuminates the night and watches over passing time.","Una luz suave que ilumina la noche y acompaña silenciosamente el paso del tiempo.","Une lumière douce qui éclaire la nuit et veille silencieusement sur le temps qui passe.","Ein sanftes Licht, das die Nacht erhellt und still über die vergehende Zeit wacht.","Una luce gentile che illumina la notte e veglia silenziosamente sul tempo che scorre.","Banayad na ilaw na tumatanglaw sa gabi at tahimik na nagbabantay sa paglipas ng oras.","Uma luz suave que ilumina a noite e observa em silêncio o passar do tempo.","Geceyi aydınlatan ve zamanın akışını sessizce izleyen yumuşak bir ışık.","نور لطيف يضيء الليل ويراقب بهدوء مرور الزمن.","Ett milt ljus som lyser upp natten och stilla vakar över tiden som går.","Een zacht licht dat de nacht verlicht en in stilte waakt over de voortgaande tijd.","Delikatne światło, które rozświetla noc i cicho czuwa nad upływem czasu.","Et mildt lys som lyser opp natten og stille våker over tiden som går.","Gyengéd fény, amely beragyogja az éjszakát, és csendben őrködik az idő múlása felett.","אור עדין המאירים את הלילה ומשקיף בשקט על חלוף הזמן.","Нежный свет, который освещает ночь и следит за уходящим временем.","Švelni šviesa, apšviečianti naktį ir sauganti bėgantį laiką."
"笑","微笑みで周囲を明るくし、心に安らぎをもたらす力","A smile that brightens those around and brings peace to the heart.","Una sonrisa que ilumina a quienes la rodean y trae paz al corazón.","Un sourire qui illumine ceux qui l’entourent et apporte la paix au cœur.","Ein Lächeln, das die Menschen um einen herum erhellt und dem Herzen Frieden bringt.","Un sorriso che illumina chi ti sta intorno e porta pace al cuore.","Ngiting nagpapaliwanag sa mga nasa paligid at nagbibigay ng kapayapaan sa puso.","Um sorriso que ilumina quem está ao redor e traz paz ao coração.","Çevresindekileri aydınlatan ve kalbe huzur getiren bir gülümseme.","ابتسامة تنير من حولها وتمنح القلب سلاماً.","Ett leende som lyser upp omgivningen och skänker hjärtat ro.","Een glimlach die de mensen om je heen opvrolijkt en het hart vrede brengt.","Uśmiech, który rozjaśnia otoczenie i przynosi sercu spokój.","Et smil som lyser opp de rundt deg og gir hjertet fred.","Egy mosoly, amely felderíti a körülöttünk lévőket, és békét hoz a szívnek.","חיוך שמאיר את מי שסביבך ומביא שלווה ללב.","Улыбка, которая делает окружающих ярче и приносит мир в сердце.","Šypsena, praskaidrinanti aplinkinius ir atnešanti ramybę širdžiai."
"満","豊かさに満ち、心も人生も充実させる象徴","A symbol of abundance, enriching both heart and life.","Un símbolo de abundancia que enriquece tanto el corazón como la vida.","Un symbole d’abondance qui enrichit à la fois le cœur et la vie.","Ein Symbol der Fülle, das sowohl das Herz als auch das Leben bereichert.","Un simbolo di abbondanza che arricchisce sia il cuore che la vita.","Isang simbolo ng kasaganahan na nagpapayaman sa puso at sa buhay.","Um símbolo de abundância que enriquece tanto o coração quanto a vida.","Hem kalbi hem de hayatı zenginleştiren bolluğun bir simgesi.","رمز للوفرة يُغني كلاً من القلب والحياة.","En symbol för överflöd som berikar både hjärtat och livet.","Een symbool van overvloed dat zowel het hart als het leven verrijkt.","Symbol obfitości, który wzbogaca zarówno serce, jak i życie.","Et symbol på overflod som beriker både hjertet og livet.","A bőség jelképe, amely gazdagítja a szívet és az életet.","סמל לשפע המעשיר גם את הלב וגם את החיים.","Символ изобилия, обогащающий и сердце, и жизнь.","Gausos simbolis, praturtinantis ir širdį, ir gyvenimą."
"吏","誠実に務めを果たし、社会を支える責任ある姿勢","A responsible attitude that fulfills duties sincerely and supports society.","Una actitud responsable que cumple sus deberes con sinceridad y sostiene a la sociedad.","Une attitude responsable qui accomplit ses devoirs avec sincérité et soutient la société.","Eine verantwortungsbewusste Haltung, die Pflichten aufrichtig erfüllt und die Gesellschaft stützt.","Un atteggiamento responsabile che assolve i propri doveri con sincerità e sostiene la società.","Responsableng saloobin na tapat na tumutupad ng tungkulin at sumusuporta sa lipunan.","Uma postura responsável que cumpre deveres com sinceridade e apoia a sociedade.","Görevlerini içtenlikle yerine getiren ve toplumu destekleyen sorumlu bir tutum.","موقف مسؤول يفي بالواجبات بإخلاص ويدعم المجتمع.","En ansvarsfull hållning som uppfyller sina plikter uppriktigt och stöttar samhället.","Een verantwoordelijke houding die plichten oprecht vervult en de samenleving ondersteunt.","Odpowiedzialna postawa, która szczerze wypełnia obowiązki i wspiera społeczeństwo.","En ansvarlig holdning som oppriktig oppfyller plikter og støtter samfunnet.","Felelősségteljes hozzáállás, amely őszintén teljesíti kötelességeit és támogatja a társadalmat.","גישה אחראית שמקיימת את החובות ביושר ותומכת בחברה.","Ответственное отношение, которое искренне выполняет обязанности и поддерживает общество.","Atsakingas požiūris, nuoširdžiai vykdantis pareigas ir remiantis visuomenę."
"編","言葉や思いを紡ぎ、物語を織りなす創造の力","The creative power to weave words and thoughts into stories.","El poder creativo de entrelazar palabras y pensamientos en historias.","Le pouvoir créatif de tisser les mots et les pensées en histoires.","Die schöpferische Kraft, Worte und Gedanken zu Geschichten zu verweben.","La forza creativa di intrecciare parole e pensieri in storie.","Malikhain na kapangyarihan na naghahabi ng mga salita at kaisipan tungo sa mga kuwento.","O poder criativo de tecer palavras e pensamentos em histórias.","Sözleri ve düşünceleri öykülere dönüştüren yaratıcı güç.","القوة الإبداعية التي تنسج الكلمات والأفكار في قصص.","Den skapande kraften som väver ord och tankar till berättelser.","De creatieve kracht om woorden en gedachten tot verhalen te weven.","Twórcza moc przeplatania słów i myśli w opowieści.","Den skapende kraften som vever ord og tanker inn i fortellinger.","Az a teremtő erő, amely szavakat és gondolatokat történetekké szövi.","הכוח היצירתי השוזר מילים ומחשבות לסיפורים.","Творческая сила сплетать слова и мысли в истории.","Kūrybinė galia pinti žodžius ir mintis į istorijas."
"幸","幸福を分かち合い、人生を温かく照らす光","A light that shares happiness and warmly illuminates life.","Una luz que comparte felicidad e ilumina la vida con calidez.","Une lumière qui partage le bonheur et éclaire la vie avec chaleur.","Ein Licht, das Glück teilt und das Leben warm erhellt.","Una luce che condivide la felicità e illumina la vita con calore.","Liwanag na naghahati-hati ng kaligayahan at mainit na nagbibigay-liwanag sa buhay.","Uma luz que partilha felicidade e ilumina a vida com calor.","Mutluluğu paylaşan ve yaşamı sıcakça aydınlatan bir ışık.","نور يشارك السعادة ويضيء الحياة بدفء.","Ett ljus som delar glädje og varmt lyser upp livet.","Een licht dat geluk deelt en het leven warm verlicht.","Światło, które dzieli się szczęściem i ciepło rozświetla życie.","Et lys som deler glede og varmer opp livet.","Fény, amely megosztja a boldogságot, és melegen beragyogja az életet.","אור שמשתף אושר ומאיר את החיים בחום.","Свет, который делится счастьем и тепло освещает жизнь.","Šviesa, dalijanti laimę ir šiltai apšviečianti gyvenimą."
"都","人々が集い、文化と縁を育む賑わいの場","A lively place where people gather, nurturing culture and connections.","Un lugar animado donde las personas se reúnen y cultivan cultura y lazos humanos.","Un lieu vivant où les gens se rassemblent, nourrissant culture et liens.","Ein lebendiger Ort, an dem Menschen zusammenkommen und Kultur sowie Beziehungen pflegen.","Un luogo vivace dove le persone si raccolgono, coltivando cultura e relazioni.","Masiglang lugar kung saan nagtitipon ang mga tao at umuusbong ang kultura at ugnayan.","Um lugar vibrante onde as pessoas se reúnem e cultivam cultura e conexões.","İnsanların toplandığı, kültürün ve bağların büyüdüğü canlı bir yer.","مكان حيوي يجتمع فيه الناس وتنمو בו الثقافة والروابط.","En livlig plats där människor samlas och där kultur och relationer får växa.","Een levendige plek waar mensen samenkomen en cultuur en verbindingen groeien.","Tętniące życiem miejsce, gdzie ludzie się spotykają, pielęgnując kulturę i więzi.","Et livlig sted der mennesker samles, og kultur og relasjoner får vokse.","Egy pezsgő hely, ahol az emberek összegyűlnek, és a kultúra meg a kapcsolatok fejlődnek.","מקום תוסס שבו אנשים מתכנסים והתרבות והקשרים צומחים.","Оживленное место, где собираются люди, взращивая культуру и связи.","Gyvybinga vieta, kur renkasi žmonės, puoselėjantys kultūrą ir ryšius."
"麗","美しく輝き、周囲に優雅さと魅力を届ける心","A heart that shines beautifully, offering grace and charm to those around.","Un corazón que brilla con belleza y ofrece gracia y encanto a quienes lo rodean.","Un cœur qui brille de beauté et offre grâce et charme à ceux qui l’entourent.","Ein Herz, das schön strahlt und seiner Umgebung Anmut und Charme schenkt.","Un cuore che risplende di bellezza, donando eleganza e fascino a chi lo circonda.","Pusong kumikislap sa kagandahan at nag-aalay ng biyaya at alindog sa mga nasa paligid.","Um coração que brilha em beleza, oferecendo graça e encanto a quem está ao redor.","Güzellikle parlayan, çevresine zarafet ve çekicilik sunan bir kalp.","قلب يلمع بالجمال ويمنح من حوله رِقّة وجاذبية.","Ett hjärta som lyser av skönhet och skänker grace och charm till omgivningen.","Een hart dat straalt van schoonheid en gratie en charme schenkt aan de omgeving.","Serce, które jaśnieje pięknem, obdarzając otoczenie wdziękiem i urokiem.","Et hjerte som skinner vakkert og gir nåde og sjarm til dem rundt seg.","Szív, amely szépséggel ragyog, és kecsességet meg bájt áraszt a környezetére.","לב הזוהר ביופיו ומעניק חן וקסם לסביבתו.","Сердце, которое прекрасно сияет, предлагая грацию и очарование окружающим.","Širdis, nuostabiai spindinti, teikianti grakštumą ir žavesį aplinkiniams."
"珠","小さくとも光を放ち、真価を秘める宝の象徴","A symbol of treasure that, though small, radiates light and holds true value.","Un símbolo de tesoro que, aunque pequeño, irradia luz y guarda un valor verdadero.","Un symbole de trésor qui, bien que petit, rayonne de lumière et porte une véritable valeur.","Ein Schatzsymbol, das, obwohl klein, Licht ausstrahlt und wahren Wert in sich trägt.","Un simbolo di tesoro che, pur essendo piccolo, irradia luce e racchiude un vero valore.","Isang sagisag ng kayamanan na kahit maliit ay nagliliwanag at may tunay na halaga.","Um símbolo de tesouro que, embora pequeno, irradia luz e guarda um verdadeiro valor.","Küçük olsa da ışık saçan ve gerçek değer taşıyan bir hazine sembolü.","رمز لكنز، رغم صغره يشع نورًا ويحمل قيمة حقيقية.","En skatt-simbol som, trots sin litenhet, strålar av ljus och bär på verkligt värde.","Een schatsymbool dat, hoe klein ook, licht uitstraalt en ware waarde in zich draagt.","Symbol skarbu, który mimo niewielkich rozmiarów promienieje światłem i niesie prawdziwą wartość.","Et skattesymbol som, selv om det er lite, stråler av lys og har ekte verdi.","A kincs jelképe, amely kicsi ugyan, de fényt sugároz és valódi értéket hordoz.","סמל לאוצר שעם היותו קטן מקרין אור ונושא ערך אמיתי.","Символ сокровища, которое, хоть и мало, излучает свет и несет истинную ценность.","Lobis, kuris nors ir mažas, skleidžia šviesą ir turi tikrąją vertę."
"任","責任を果たし、信頼を築く誠実な精神","A sincere spirit that fulfills responsibility and builds trust.","Un espíritu sincero que cumple con sus responsabilidades и construye confianza.","Un esprit sincère qui assume ses responsabilités et construit la confiance.","Ein aufrichtiger Geist, der Verantwortung erfüllt und Vertrauen aufbaut.","Uno spirito sincero che adempie alle proprie responsabilità e costruisce fiducia.","Tapat na diwa na tumutupad sa pananagutan at nagtatatag ng tiwala.","Um espírito sincero que cumpre suas responsabilidades e constrói confiança.","Sorumluluklarını yerine getiren ve güven inşa eden içten bir ruh.","روح صادقة تفي بالمسؤوليات وتبني ثقة.","En uppriktig anda som tar ansvar och bygger tillit.","Een oprechte geest die zijn verantwoordelijkheden nakomt en vertrouwen opbouwt.","Szczery duch, który wypełnia swoje obowiązki i buduje zaufanie.","En oppriktig ånd som tar ansvar og bygger tillit.","Őszinte lélek, amely teljesíti felelősségeit és bizalmat épít.","רוח כן שמקיימת אחריות ובונה אמון.","Искренний дух, который выполняет ответственность и строит доверие.","Nuoširdi dvasia, vykdanti atsakomyę ir kurianti pasitikėjimą."
"来","新しい未来を呼び寄せ、希望を運ぶ力","The power to summon a new future and carry hope.","El poder de llamar a un nuevo futuro y llevar esperanza.","Le pouvoir d’appeler un nouvel avenir et de porter l’espoir.","Die Kraft, eine neue Zukunft herbeizurufen und Hoffnung zu tragen.","Il potere di richiamare un nuovo futuro e portare speranza.","Lakas na tumatawag ng bagong kinabukasan at nagdadala ng pag-asa.","O poder de chamar um novo futuro e carregar esperança.","Yeni bir geleceği çağıran ve umut taşıyan güç.","القوة لاستدعاء مستقبل جديد وحمل الأمل.","Kraften att kalla fram en ny framtid och bära hopp.","De kracht om een nieuwe toekomst op te roepen en hoop mee te dragen.","Siła, by przywołać nową przyszłość i nieść nadzieję.","Kraften til å kalle fram en ny framtid og bære håp.","Az erő, amely új jövőt hív elő és reményt hordoz.","הכוח לזמן עתיד חדש ולשאת תקווה.","Сила призывать новое будущее и нести надежду.","Galia prišaukti naują ateitį ir nešti viltį."
"愛","無償の愛を注ぎ、周囲に温かさを広げる存在","A being who pours unconditional love, spreading warmth to those around.","Un ser que derrama amor incondicional y esparce calor a quienes lo rodean.","Un être qui répand un amour inconditionnel et diffuse de la chaleur à son entourage.","Ein Wesen, das bedingungslose Liebe verströmt und Wärme an seine Mitmenschen weitergibt.","Un essere che riversa amore incondizionato e diffonde calore a chi lo circonda.","Isang nilalang na nagbubuhos ng walang kondisyong pag-ibig at nagbibigay-init sa mga nasa paligid.","Um ser que derrama amor incondicional e espalha calor a todos ao redor.","Koşulsuz sevgi saçan ve çevresine sıcaklık yayan bir varlık.","كائن يفيض حباً غير مشروط وينشر الدفء لمن סביבه.","En varelse som utgjuter villkorslös kärlek och sprider värme till dem omkring sig.","Een wezen dat onvoorwaardelijke liefde uitstort en warmte verspreidt naar de mensen om zich heen.","Istota, która wylewa bezwarunkową miłość i roztacza ciepło wokół siebie.","Et vesen som øser ut betingelsesløs kjærlighet og sprer varme til dem rundt seg.","Lény, aki feltétel nélküli szeretetet áraszt, és meleget visz a körülötte lévőknek.","ישות השופכת אהבה בלתי מותנית ומפיצה חום לסובבים אותה.","Существо, которое изливает безусловную любовь, распространяя тепло вокруг.","Būtybė, liejanti besąlygišką meilę, skleidžianti šilumą aplinkiniams."
"無","限りない可能性を秘め、自由に広がる精神","A spirit holding infinite possibilities, expanding freely.","Un espíritu que contiene posibilidades infinitas y se expande libremente.","Un esprit porteur de possibilités infinies, qui se déploie librement.","Ein Geist voller unendlicher Möglichkeiten, der sich frei entfaltet.","Uno spirito colmo di possibilità infinite che si espande liberamente.","Isang diwang naglalaman ng walang hanggang posibilidad at malayang lumalawak.","Um espírito que guarda possibilidades infinitas e se expande livremente.","Sonsuz olasılıkları içinde barındıran ve özgürce genişleyen bir ruh.","روح تحمل إمكانيات لا نهائية وتتسع بحرية.","En ande som bär oändliga möjligheter och fritt breder ut sig.","Een geest die oneindige mogelijkheden draagt en zich vrij uitbreidt.","Duch niosący nieskończone możliwości, który swobodnie się rozwija.","En ånd som rommer uendelige muligheter og utvider seg fritt.","Lélek, amely végtelen lehetőségeket hordoz, és szabadon tágul.","רוח הנושאת אינסוף אפשרויות ומתפשטת בחופשיות.","Дух, хранящий бесконечные возможности, свободно расширяющийся.","Dvasia, turinti begalines galimybes, laisvai besiplečianti."
"那","柔らかな響きで、人々に親しみを与える心","A gentle resonance that brings familiarity and kindness to people.","Una resonancia suave que aporta cercanía y amabilidad a las personas.","Une résonance douce qui apporte proximité et bienveillance aux gens.","Eine sanfte Resonanz, die den Menschen Vertrautheit und Freundlichkeit schenkt.","Una risonanza delicata che dona familiarità e gentilezza alle persone.","Banayad na pag-alon na nagdudulot ng pagiging pamilyar at kabaitan sa mga tao.","Uma ressonância suave que traz proximidade e gentileza às pessoas.","İnsanlara yakınlık ve nezaket getiren yumuşak bir rezonans.","اهتزاز لطيف يجلب الألفة واللطف للناس.","En mild resonans som skapar närhet och vänlighet hos människor.","Een zachte resonantie die mensen een gevoel van nabijheid en vriendelijkheid geeft.","Delikatny rezonans, który wnosi do ludzi poczucie bliskości i życzliwości.","En mild resonans som gir mennesker nærhet og vennlighet.","Gyengéd rezonancia, amely közelséget és kedvességet hoz az embereknek.","תהודה עדינה המביאה תחושת קרבה וטוב לב לאנשים.","Нежный резонанс, приносящий людям близость и доброту.","Švelnus atgarsis, teikiantis žmonėms artumą ir gerumą."
"偉","大きな志と行動力で、人々を導く力強い存在","A powerful presence that guides people with great ambition and drive.","Una presencia poderosa que guía a las personas con gran ambición y empuje.","Une présence puissante qui guide les gens avec une grande ambition et une forte détermination.","Eine kraftvolle Präsenz, die Menschen mit großem Ehrgeiz und Antrieb führt.","Una presenza potente che guida le persone con grande ambizione e determinazione.","Makapangyarihang presensya na gumagabay sa mga tao na may matinding ambisyon at sigla.","Uma presença poderosa que guia as pessoas com grande ambição e impulso.","Büyük hırs ve itici güçle insanlara yol gösteren güçlü bir varlık.","حضور قوي يوجّه الناس بطموح كبير ودافع قوي.","En kraftfull närvaro som leder människor med stor ambition och drivkraft.","Een krachtige aanwezigheid die mensen leidt met grote ambitie en drive.","Silna obecność, która prowadzi ludzi z wielką ambicją i energią.","En kraftfull tilstedeværelse som leder mennesker med stor ambisjon og drivkraft.","Erőteljes jelenlét, amely nagy ambícióval és lendülettel vezeti az embereket.","נוכחות עוצמתית שמכוונת אנשים עם שאיפה גדולה ודחף פנימי.","Мощное присутствие, которое направляет людей с большими амбициями и драйвом.","Galingas buvimas, vedantis žmones su didelėmis ambicijomis ir ryžtu."
"出","新しい世界へ踏み出し、可能性を広げる一歩","A step into a new world, expanding possibilities.","Un paso hacia un nuevo mundo que amplía las posibilidades.","Un pas vers un nouveau monde qui élargit les possibilités.","Ein Schritt in eine neue Welt, der die Möglichkeiten erweitert.","Un passo verso un nuovo mondo che amplia le possibilità.","Isang hakbang patungo sa bagong mundo na nagpapalawak ng mga posibilidad.","Um passo para um novo mundo que expande as possibilidades.","Yeni bir dünyaya atılan ve olasılıkları genişleten bir adım.","خطوة نحو عالم جديد توسّع الإمكانيات.","Ett steg in i en ny värld som vidgar möjligheterna.","Een stap in een nieuwe wereld die de mogelijkheden vergroot.","Krok w nowy świat, który poszerza możliwości.","Et steg inn i en ny verden som utvider mulighetene.","Egy lépés egy új világ felé, amely kitágítja a lehetőségeket.","צעד אל עולם חדש המרחיב את האפשרויות.","Шаг в новый мир, расширяющий возможности.","Žingsnis į naują pasaulį, plečiantis galimybes."
"素","飾らず清らかに、本質を大切にする心","A heart that remains pure and unadorned, cherishing essence.","Un corazón que permanece puro y sencillo, apreciando la esencia.","Un cœur qui reste pur et simple, chérissant l’essentiel.","Ein Herz, das unverfälscht und schlicht bleibt und das Wesentliche wertschätzt.","Un cuore che rimane puro e semplice, apprezzando l’essenza.","Pusong nananatiling payak at dalisay, pinahahalagahan ang pinakadiwa.","Um coração que permanece puro e simples, valorizando a essência.","Saf ve süssüz kalan, özüne değer veren bir kalp.","قلب يبقى نقيًا وبسيطًا، يقدّر الجوهر.","Ett hjärta som förblir rent och enkelt och värnar om det väsentliga.","Een hart dat puur en onopgesmukt blijft en de essentie koestert.","Serce, które pozostaje czyste i proste, ceniąc istotę rzeczy.","Et hjerte som forblir rent og enkelt og verdsetter selve essensen.","Olyan szív, amely tiszta és dísztelen marad, és az esszenciát értékeli.","לב שנשאר טהור ופשוט ומוקיר את המהות.","Сердце, которое остается чистым и не украшенным, дорожа сущностью.","Širdis, išliekanti tyra ir nepuošni, branginanti esmę."
"輝","光を放ち、周囲を照らす希望の象徴","A symbol of hope, shining light upon those around.","Un símbolo de esperanza que irradia luz a quienes lo rodean.","Un symbole d’espoir qui répand sa lumière autour de lui.","Ein Symbol der Hoffnung, das Licht auf die Menschen ringsum wirft.","Un simbolo di speranza che diffonde la sua luce a chi gli sta intorno.","Isang sagisag ng pag-asa na nagliliwanag sa mga nasa paligid.","Um símbolo de esperança que irradia luz a todos ao redor.","Etrafındakilere ışık saçan bir umut simgesi.","رمز للأمل ينشر نوره على من حوله.","En symbol för hopp som sprider sitt ljus till dem runt omkring.","Een symbool van hoop dat zijn licht uitstraalt naar de mensen om zich heen.","Symbol nadziei, który rzuca światło na otaczających go ludzi.","Et symbol på håp som lar sitt lys falle på dem rundt seg.","A remény szimbóluma, amely fényt áraszt a körülötte lévők felé.","סמל לתקווה המפיץ את אורו לסובבים.","Символ надежды, сияющий светом на окружающих.","Vilties simbolis, spinduliuojantis šviesą aplinkiniams."
"真","嘘偽りなく、誠実に生きる姿勢","A way of life that is honest and sincere.","Una forma de vida honesta y sincera.","Une façon de vivre honnête et sincère.","Eine Lebensweise, die ehrlich und aufrichtig ist.","Uno stile di vita onesto e sincero.","Pamumuhay na tapat at taos-puso.","Um modo de vida honesto e sincero.","Dürüst ve içten bir yaşam tarzı.","أسلوب حياة يتسم بالصدق والإخلاص.","Ett sätt att leva som är ärligt och uppriktigt.","Een manier van leven die eerlijk en oprecht is.","Sposób życia oparty na uczciwości i szczerości.","En livsstil som er ærlig og oppriktig.","Életmód, amely őszinte és becsületes.","אופן חיים המבוסס על יושר וכנות.","Образ жизни, честный и искренний.","Gyvenimo būdas, sąžiningas ir nuoširdus."
"沙","柔らかな砂のように、穏やかで包容力のある心","A heart as gentle and embracing as soft sand.","Un corazón tan suave y acogedor como arena fina.","Un cœur doux et enveloppant comme un sable fin.","Ein Herz so sanft und umarmend wie feiner Sand.","Un cuore tenero e accogliente come sabbia soffice.","Pusong banayad at mapagkupkop na parang pinong buhangin.","Um coração gentil e acolhedor como areia macia.","Yumuşak kum gibi nazik ve kucaklayıcı bir kalp.","قلب لطيف ومُحِيط مثل رمل ناعم.","Ett hjärta lika milt och omfamnande som mjuk sand.","Een hart zo zacht en omarmend als fijn zand.","Serce łagodne i otulające niczym miękki piasek.","Et hjerte som er like mildt og omsluttende som myk sand.","Olyan szív, amely olyan gyengéd és befogadó, mint a puha homok.","לב עדין ומחבק כמו חול רך.","Сердце, нежное и обволакивающее, как мягкий песок.","Širdis, švelni ir apkabinanti kaip minkštas smėlis."
"露","朝露のように清らかで、生命を潤す存在","Pure like morning dew, a presence that nourishes life.","Pura como el rocío de la mañana, una presencia que nutre la vida.","Pure comme la rosée du matin, une présence qui nourrit la vie.","So rein wie Morgentau, eine Präsenz, die das Leben nährt.","Pura come la rugiada del mattino, una presenza che nutre la vita.","Dalisay na parang hamog sa umaga, isang presensiyang nagbibigay-buhay.","Pura como o orvalho da manhã, uma presença que nutre a vida.","Sabah çiyi kadar saf, yaşamı besleyen bir varlık.","نقية كرذاذ الصباح، حضور يغذي الحياة.","Ren som morgondagg, en närvaro som ger näring åt livet.","Zo puur als ochtenddauw, een aanwezigheid die het leven voedt.","Czysta jak poranna rosa, obecność, która karmi życie.","Ren som morgendugg, en tilstedeværelse som nærer livet.","Olyan tiszta, mint a hajnali harmat, egy jelenlét, amely táplálja az életet.","טהורה כמו טל הבוקר, נוכחות המזינה את החיים.","Чистый, как утренняя роса, присутствие, питающее жизнь.","Tyras kaip ryto rasa, buvimas, maitinantis gyvenimą."
"螺","螺旋のように成長を重ね、奥深い知恵を育む力","A spiraling growth that nurtures profound wisdom.","Un crecimiento en espiral que cultiva una sabiduría profunda.","Une croissance en spirale qui fait mûrir une sagesse profonde.","Ein spiralförmiges Wachstum, das tiefe Weisheit nährt.","Una crescita a spirale che alimenta una saggezza profonda.","Paikot na pag-unlad na nagpapalago ng malalim na karunungan.","Um crescimento em espiral que nutre uma sabedoria profunda.","Derin bilgelik besleyen, sarmal biçimde ilerleyen bir gelişim.","نمو حلزوني يغذي حكمة عميقة.","En spiralformad utveckling som vårdar djup visdom.","Een spiraalvormige groei die diepe wijsheid voedt.","Spiralny rozwój, który pielęgnuje głęboką mądrość.","En spiralformet vekst som nærer dyp visdom.","Spirálisan kibontakozó növekedés, amely mély bölcsességet táplál.","צמיחה ספירלית המטפחת חוכמה עמוקה.","Спиралевидный рост, который взращивает глубокую мудрость.","Spiralinis augimas, puoselėjantis gilią išmintį."
"印","心に刻まれ、忘れられない大切な証","An indelible mark upon the heart, a precious proof never forgotten.","Una marca imborrable en el corazón, una prueba valiosa que nunca se olvida.","Une marque indélébile dans le cœur, une précieuse preuve qu’on n’oublie jamais.","Ein unauslöschliches Zeichen im Herzen, ein kostbarer Beweis, den man nie vergisst.","Un segno indelebile nel cuore, una preziosa prova che non si dimentica mai.","Hindi mabuburang bakas sa puso, mahalagang patunay na hindi nalilimutan.","Uma marca indelével no coração, uma prova preciosa que nunca se esquece.","Kalpte silinmez bir iz, asla unutulmayan değerli bir kanıt.","أثر لا يُمحى في القلب، دليل ثمين لا يُنسى أبدًا.","Ett outplånligt märke i hjärtat, ett dyrbart bevis man aldrig glömmer.","Een onuitwisbaar teken in het hart, een kostbaar bewijs dat men nooit vergeet.","Niezatarte znamię w sercu, cenny dowód, którego nigdy się nie zapomina.","Et uutslettelig merke i hjertet, et verdifullt bevis man aldri glemmer.","Kitörölhetetlen nyom a szívben, egy értékes bizonyíték, amely sosem felejtődik el.","סימן שלא נמחק בלב, הוכחה יקרת ערך שלא נשכחת לעולם.","Неизгладимый след в сердце, драгоценное доказательство, которое никогда не забывается.","Neištrinamas ženklas širdyje, brangus įrodymas, kuris niekada nepamirštamas."
"会","人と人を結び、出会いを広げる場","A place that connects people and expands encounters.","Un lugar que conecta a las personas y amplía los encuentros.","Un lieu qui relie les gens et multiplie les rencontres.","Ein Ort, der Menschen verbindet und Begegnungen erweitert.","Un luogo che mette in contatto le persone e amplia gli incontri.","Isang lugar na nag-uugnay sa mga tao at nagpapalawak ng mga pagkikita.","Um lugar que conecta pessoas e amplia os encontros.","İnsanları birleştiren ve karşılaşmaları çoğaltan bir yer.","مكان يصل بين الناس ويوسّع دائرة اللقاءات.","En plats som förenar människor och vidgar möjligheten till möten.","Een plaats die mensen met elkaar verbindt och ontmoetingen verruimt.","Miejsce, które łączy ludzi i poszerza krąg spotkań.","Et sted som knytter mennesker sammen og utvider muligheten for møter.","Hely, amely összeköti az embereket és tágítja a találkozások körét.","מקום המחבר בין אנשים ומרחיב את מעגל המפגשים.","Место, которое соединяет людей и расширяет встречи.","Vieta, jungianti žmones ir plečianti susitikimus."
"羅","広く網を張り、縁や可能性を集める力","The power to cast a wide net, gathering bonds and possibilities.","El poder de lanzar una amplia red y reunir lazos y posibilidades.","Le pouvoir de jeter un large filet, rassemblant liens et possibilités.","Die Kraft, ein weites Netz auszuwerfen und Bande wie Möglichkeiten zu sammeln.","Il potere di gettare una rete ampia, raccogliendo legami e possibilità.","Kapangyarihang maghagis ng malawak na lambat, na nagtitipon ng ugnayan at mga posibilidad.","O poder de lançar uma ampla rede, reunindo laços e possibilidades.","Bağları ve olasılıkları toplayan, geniş bir ağ atma gücü.","قوة إلقاء شبكة واسعة تجمع الروابط والإمكانات.","Kraften att kasta ut ett brett nät som samlar band och möjligheter.","De kracht om een wijd net uit te werpen en banden en mogelijkheden te verzamelen.","Siła zarzucania szerokiej sieci, która zbiera więzi i możliwości.","Kraften til å kaste et vidt nett og samle bånd og muligheter.","Az erő, amellyel széles hálót vetünk ki, összegyűjtve kapcsolatokat és lehetőségeket.","כוח לפרוש רשת רחבה האוספת קשרים ואפשרויות.","Сила закидывать широкую сеть, собирая узы и возможности.","Galia užmesti platų tinklą, telkiant ryšius ir galimybes."
"援","困難な時に手を差し伸べ、支えとなる優しさ","Kindness that extends a hand in hardship, becoming support.","Bondad que tiende la mano en los momentos difíciles y se convierte en apoyo.","Une bonté qui tend la main dans l’épreuve och devient un soutien.","Güte, die in schwierigen Zeiten die Hand reicht und zum Halt wird.","Una gentilezza che tende la mano nelle difficoltà e diventa sostegno.","Kabutihang loob na umaabot ng kamay sa panahon ng hirap at nagiging sandigan.","Uma bondade que estende a mão nas dificuldades e se torna apoio.","Zorluk anında el uzatan ve dayanak olan bir iyilik.","طيبة تمتد يدها في أوقات الشدة وتصبح سندًا.","En godhet som räcker ut en hand i svåra tider och blir till stöd.","Een vriendelijkheid die in moeilijke tijden een hand uitsteekt en tot steun wordt.","Życzliwość, która wyciąga rękę w trudnych chwilach i staje się oparciem.","En godhet som rekker ut en hånd i motgang og blir til støtte.","Jóság, amely nehéz időkben nyújt segítő kezet, és támaszt ad.","טוב לב המושיט יד בשעת קושי והופך למשענת.","Доброта, которая протягивает руку в трудные времена, становясь опорой.","Gerumas, ištiesiantis ranką sunkmečiu, tampa atrama."
"社","人々が集い、共に生きる場を築く象徴","A symbol of community, where people gather and live together.","Un símbolo de comunidad donde las personas se reúnen y viven juntas.","Un symbole de communauté où les gens se rassemblent et vivent ensemble.","Ein Symbol für Gemeinschaft, wo Menschen zusammenkommen und gemeinsam leben.","Un simbolo di comunità, dove le persone si incontrano e vivono insieme.","Isang sagisag ng pamayanan kung saan nagtitipon at magkasamang namumuhay ang mga tao.","Um símbolo de comunidade, onde as pessoas se reúnem e vivem juntas.","İnsanların bir araya gelip birlikte yaşadığı bir topluluğun simgesi.","رمز للمجتمع حيث يجتمع الناس ويعيشون معًا.","En symbol för gemenskap där människor samlas och lever tillsammans.","Een symbool van gemeenschap waar mensen samenkomen en samenleven.","Symbol wspólnoty, w której ludzie spotykają się i żyją razem.","Et symbol på fellesskap der mennesker samles og lever sammen.","A közösség jelképe, ahol az emberek összegyűlnek és együtt élnek.","סמל לקהילה שבה אנשים מתכנסים וחיים יחד.","Символ сообщества, где люди собираются и живут вместе.","Bendruomenės simbolis, kur žmonės renkasi ir gyvena kartu."
"練","技を磨き、努力を重ねて成長する姿勢","An attitude of honing skills, growing through persistent effort.","Una actitud de perfeccionar las habilidades y crecer mediante esfuerzo constante.","Une attitude de perfectionnement des compétences, grandissant par un effort persévérant.","Eine Haltung, die Fähigkeiten schärft und durch beständige Anstrengung wächst.","Un atteggiamento di affinare le capacità e crescere attraverso uno sforzo costante.","Pag-uugali ng paghasa ng kakayahan at paglago sa pamamagitan ng tuloy-tuloy na pagsisikap.","Uma atitude de lapidar habilidades e crescer por meio de esforço persistente.","Yetenekleri bileyen ve azimli çabayla gelişen bir tutum.","سلوك يقوم على صقل المهارات والنمو من خلال جهد متواصل.","En inställning som slipar färdigheter och växer genom ihärdigt arbete.","Een houding van vaardigheden aanscherpen en groeien door volhardende inspanning.","Postawa doskonalenia umiejętności i rozwoju dzięki wytrwałemu wysiłkowi.","En holdning der man skjerper ferdigheter og vokser gjennom vedvarende innsats.","Hozzáállás, amely a készségek csiszolásáról és a kitartó erőfeszítés általi fejlődésről szól.","גישה של ליטוש מיומנויות וצמיחה דרך מאמץ מתמשך.","Позиция оттачивания навыков, роста через упорные усилия.","Laikysena tobulinti įgūdžius, augti per nuolatines pastangas."
"美","美しさを大切にし、心に喜びを届ける存在","A presence that values beauty and brings joy to the heart.","Una presencia que valora la belleza y llena el corazón de alegría.","Une présence qui accorde de la valeur à la beauté et remplit le cœur de joie.","Eine Präsenz, die Schönheit schätzt och das Herz mit Freude erfüllt.","Una presenza che dà valore alla bellezza e riempie il cuore di gioia.","Presensiyang nagpapahalaga sa kagandahan at nagdudulot ng galak sa puso.","Uma presença que valoriza a beleza e traz alegria ao coração.","Güzelliği önemseyen ve kalbe sevinç getiren bir varlık.","حضور يقدّر الجمال ويملأ القلب بالفرح.","En närvaro som värdesätter skönhet och skänker hjärtat glädje.","Een aanwezigheid die schoonheid waardeert en het hart met vreugde vult.","Obecność, która ceni piękno i napełnia serce radością.","En tilstedeværelse som verdsetter skjønnhet og fyller hjertet med glede.","Jelenlét, amely értékeli a szépséget, és örömmel tölti meg a szívet.","נוכחות המעריכה יופי וממלאת את הלב בשמחה.","Присутствие, которое ценит красоту и приносит радость в сердце.","Buvimas, vertinantis grožį ir teikiantis džiaugsmą širdžiai."
"快","爽やかで心地よく、周囲を明るくする力","A refreshing and pleasant force that brightens those around.","Una fuerza fresca y agradable que alegra a quienes la rodean.","Une force rafraîchissante et agréable qui égaye ceux qui l’entourent.","Eine erfrischende, angenehme Kraft, die die Menschen um sich aufheitert.","Una forza fresca e piacevole che rallegra chi le sta accanto.","Sariwa at kaaya-ayang enerhiya na nagpapasaya sa mga nasa paligid.","Uma força revigorante e agradável que alegra quem está ao redor.","Çevresindekileri neşelendiren ferahlatıcı ve hoş bir güç.","قوة منعشة ولطيفة تُبهِج من حولها.","En uppfriskande och behaglig kraft som gör dem omkring gladare.","Een verfrissende en aangename kracht die de mensen om zich heen opvrolijkt.","Odświeżająca i przyjemna siła, która rozwesela otoczenie.","En forfriskende og behagelig kraft som gjør dem rundt seg mer oppløftede.","Frissítő, kellemes erő, amely felvidítja a körülötte lévőket.","כוח רענן ונעים המשמח את הסובבים.","Освежающая и приятная сила, которая делает окружающих ярче.","Gaivinanti ir maloni jėga, praskaidrinanti aplinkinius."
"得","努力の果てに成果を得て、人生を豊かにする力","The power to gain results through effort, enriching life.","El poder de obtener resultados mediante el esfuerzo y enriquecer la vida.","Le pouvoir d’obtenir des résultats par l’effort et d’enrichir la vie.","Die Kraft, durch Einsatz Ergebnisse zu erzielen und das Leben zu bereichern.","Il potere di ottenere risultati attraverso l’impegno e arricchire la vita.","Kapangyarihang nakakamit ang bunga sa pamamagitan ng pagsisikap at nagpapayaman sa buhay.","O poder de alcançar resultados através do esforço, enriquecendo a vida.","Çaba sayesinde sonuçlar elde edip hayatı zenginleştirme gücü.","القوة على تحقيق النتائج عبر الجهد وإغناء الحياة.","Kraften att nå resultat genom ansträngning och berika livet.","De kracht om via inspanning resultaten te behalen en het leven te verrijken.","Siła osiągania rezultatów dzięki wysiłkowi i wzbogacania życia.","Kraften til å oppnå resultater gjennom innsats og berike livet.","Az erő, hogy erőfeszítéssel eredményeket érjünk el, és gazdagítsuk az életet.","הכוח להשיג תוצאות באמצעות מאמץ ולהעשיר את החיים.","Сила получать результаты через усилия, обогащая жизнь.","Galia pasiekti rezultatų per pastangas, praturtinant gyvenimą."
"玲","澄んだ音色のように、清らかで透明な心","A heart as pure and transparent as a clear tone.","Un corazón tan puro y transparente como un tono claro.","Un cœur aussi pur et limpide qu’un son cristallin.","Ein Herz so rein und klar wie ein heller Klang.","Un cuore puro e trasparente come un suono limpido.","Pusong dalisay at malinaw na parang isang maliwanag na tunog.","Um coração tão puro e transparente quanto um tom límpido.","Bir berrak tını kadar saf ve şeffaf bir kalp.","قلب نقي وشفاف كرنّة صافية.","Ett hjärta lika rent och klart som en klar ton.","Een hart zo puur en doorzichtig als een heldere klank.","Serce tak czyste i przejrzyste jak czysty ton.","Et hjerte som er like rent og klart som en ren klang.","Olyan szív, amely tiszta és áttetsző, akár egy csengő hang.","לב טהור ושקוף כמו צליל צלול.","Сердце, такое же чистое и прозрачное, как чистый тон.","Širdis, tokia pat tyra ir skaidri kaip švarus tonas."
"海","広く深い心で、あらゆるものを受け入れる精神","A vast and profound spirit, full of embrace.","Un espíritu vasto y profundo, lleno de acogida.","Un esprit vaste et profond, plein d’accueil et d’embrassement.","Ein weiter und tiefgründiger Geist, voller umarmender Weite.","Uno spirito vasto e profondo, colmo di accoglienza.","Malawak at malalim na diwa, puno ng pagtanggap at pagyakap.","Um espírito vasto e profundo, cheio de acolhimento.","Kucaklayıcı, engin ve derin bir ruh.","روح واسعة وعميقة مليئة بالاحتواء.","En vidsträckt och djup ande, full av omfamnande värme.","Een weidse en diepe geest, vol omarming.","Rozległy i głęboki duch, pełen otwartości i objęcia.","En vid og dyp ånd, full av omsluttende varme.","Tágas és mély lélek, tele befogadással.","רוח רחבה ועמוקה, מלאה בחיבוק וקבלה.","Обширный и глубокий дух, полный объятий.","Plati ir gili dvasia, pilna apkabinimo."
"楽","喜びを奏で、人生に彩りを添える力","The power to play joy and color life richly.","El poder de transmitir alegría y llenar la vida de color.","Le pouvoir de faire résonner la joie et de colorer la vie avec richesse.","Die Kraft, Freude erklingen zu lassen und das Leben bunt zu färben.","Il potere di far risuonare la gioia e colorare riccamente la vita.","Kapangyarihang maghatid ng saya at kulayan nang sagana ang buhay.","O poder de fazer a alegria soar e colorir a vida com riqueza.","Sevinci canlandıran ve hayatı zengin renklerle süsleyen bir güç.","القوة على بث الفرح ותلوين الحياة بغنى.","Kraften att spela ut glädje och färgsätta livet rikt.","De kracht om vreugde te laten klinken och het leven rijk te kleuren.","Siła, która rozbrzmiewa radością i barwnie uszlachetnia życie.","Kraften til å la gleden spille og farge livet rikt.","Az az erő, amely megszólaltatja az örömöt, és gazdagon kiszínezi az életet.","הכוח להשמיע שמחה ולצבוע את החיים בעושר.","Сила играть радость и богато раскрашивать жизнь.","Galia groti džiaugsmą ir turtingai spalvinti gyvenimą."
"奏","音を紡ぎ、調和の世界を生み出す創造力","The creative power to weave sound and bring forth harmony.","El poder creativo de entrelazar sonidos y hacer nacer la armonía.","La puissance créatrice qui tisse le son et fait naître l’harmonie.","Die schöpferische Kraft, Klänge zu verweben und Harmonie hervorzubringen.","La forza creativa che intreccia i suoni e fa nascere l’armonia.","Malikhain na kapangyarihang naghahabi ng tunog at lumilikha ng harmoniya.","O poder criativo de entrelaçar sons e fazer surgir a harmonia.","Sesleri örerek uyum ortaya çıkaran yaratıcı bir güç.","القوة الإبداعية التي تنسج الأصوات وتُولد منها انسجامًا.","Den skapande kraft som väver ljud och låter harmoni uppstå.","De scheppende kracht die klanken verweeft en harmonie laat ontstaan.","Twórcza siła splatająca dźwięki i rodząca harmonię.","Den skapende kraften som vever lyd og lar harmoni oppstå.","Az alkotó erő, amely hangokat sző össze, és harmóniát hoz létre.","הכוח היצירתי השוזר צלילים ומוליד הרמוניה.","Творческая сила сплетать звуки и рождать гармонию.","Kūrybinė galia pinti garsą ir kurti harmoniją."
"陽","太陽のように明るく、周囲に温かさを届ける存在","A presence as bright as the sun, warming those around.","Una presencia tan brillante como el sol que brinda calor a quienes la rodean.","Une présence aussi lumineuse que le soleil, réchauffant ceux qui l’entourent.","Eine Präsenz so strahlend wie die Sonne, die die Menschen um sich wärmt.","Una presenza luminosa come il sole, che scalda chi le sta vicino.","Presensiyang kasing-liwanag ng araw, nagbibigay-init sa mga nasa paligid.","Uma presença tão brilhante quanto o sol, aquecendo quem está ao redor.","Güneş kadar parlak, çevresindekileri ısıtan bir varlık.","حضور ساطع كالشمس يدفئ من حوله.","En närvaro lika lysande som solen, som värmer dem omkring.","Een aanwezigheid zo stralend als de zon, die de mensen om zich heen verwarmt.","Obecność jasna jak słońce, która ogrzewa otoczenie.","En tilstedeværelse like lys som solen, som varmer dem rundt seg.","Olyan jelenlét, amely a naphoz hasonlóan ragyog, és felmelegíti a körülötte lévőket.","נוכחות זוהרת כמו השמש המחממת את הסובבים.","Присутствие, яркое как солнце, согревающее окружающих.","Buvimas, ryškus kaip saulė, šildantis aplinkinius."
"義","正義を重んじ、誠実に生きる心","A heart that values justice and lives with sincerity.","Un corazón que valora la justicia y vive con sinceridad.","Un cœur qui valorise la justice et vit avec sincérité.","Ein Herz, das Gerechtigkeit schätzt und aufrichtig lebt.","Un cuore che dà valore alla giustizia e vive con sincerità.","Pusong pinahahalagahan ang katarungan at namumuhay nang tapat.","Um coração que valoriza a justiça e vive com sinceridade.","Adaleti önemseyen ve içtenlikle yaşayan bir kalp.","قلب يقدّر العدالة ويعيش بصدق وإخلاص.","Ett hjärta som värdesätter rättvisa och lever med uppriktighet.","Een hart dat rechtvaardigheid waardeert en oprecht leeft.","Serce, które ceni sprawiedliwość i żyje szczerze.","Et hjerte som verdsetter rettferdighet og lever med oppriktighet.","Szív, amely nagyra értékeli az igazságot, és őszintén él.","לב המעריך צדק וחי ביושר ובכנות.","Сердце, которое ценит справедливость и живет искренне.","Širdis, vertinanti teisingumą ir gyvenanti nuoširdžiai."
"央","中心に立ち、調和を保つ力","The power to stand at the center and maintain harmony.","El poder de situarse en el centro y mantener la armonía.","Le pouvoir de se tenir au centre et de préserver l’harmonie.","Die Kraft, im Zentrum zu stehen und Harmonie zu bewahren.","Il potere di stare al centro e mantenere l’armonia.","Lakas na tumayo sa gitna at panatilihin ang pagkakaisa.","O poder de permanecer no centro e manter a harmonia.","Merkezde durup uyumu koruma gücü.","القوة على الوقوف في المركز والحفاظ على الانسجام.","Kraften att stå i centrum och bevara harmonin.","De kracht om in het midden te staan en de harmonie te bewaren.","Siła stania w centrum i zachowywania harmonii.","Kraften til å stå i sentrum og bevare harmonien.","Az erő, hogy a középpontban álljunk és megőrizzük a harmóniát.","הכוח לעמוד במרכז ולשמור על ההרמוניה.","Сила стоять в центре и поддерживать гармонию.","Galia stovėti centre ir išlaikyti harmoniją."
"舞","軽やかに舞い、喜びを表現する姿","A figure that dances lightly, expressing joy.","Una figura que baila con ligereza y expresa alegría.","Une silhouette qui danse légèrement et exprime la joie.","Eine Gestalt, die leicht tanzt und Freude ausdrückt.","Una figura che danza con leggerezza, esprimendo gioia.","Pigurang magaan sumasayaw at nagpapahayag ng kagalakan.","Uma figura que dança levemente, expressando alegria.","Hafifçe dans ederek sevinci ifade eden bir figür.","هيئة ترقص بخفة وتُعبّر عن الفرح.","En gestalt som dansar lätt och uttrycker glädje.","Een figuur die licht danst en vreugde uitdrukt.","Postać, która tańczy lekko, wyrażając radość.","En skikkelse som danser lett og uttrykker glede.","Alak, amely könnyedén táncol, és örömöt fejez ki.","דמות הרוקדת בקלילות ומבטאת שמחה.","Фигура, которая легко танцует, выражая радость.","Figūra, lengvai šokanti, išreiškianti džiaugsmą."
"雲","自由に流れ、形を変えながらも大空を彩る存在","Flowing freely, changing form, yet coloring the vast sky.","Fluyendo libremente, cambiando de forma y aun así coloreando el cielo inmenso.","S’écoulant librement, changeant de forme tout en colorant le vaste ciel.","Fließt frei, verändert seine Form und färbt doch den weiten Himmel.","Scorrendo liberamente, cambiando forma e al tempo stesso colorando il vasto cielo.","Malayang dumadaloy, nagbabago ng anyo ngunit patuloy na nagbibigay-kulay sa malawak na langit.","Fluindo livremente, mudando de forma e ainda assim colorindo o vasto céu.","Özgürce akarak biçim değiştiren, yine de engin gökyüzünü renklendiren bir varlık.","يتحرك بحرية، يغيّر شكله ومع ذلك يلوّن السماء الواسعة.","Flyter fritt, skiftar form och färgar ändå den vida himlen.","Stroomt vrij, verandert van vorm en kleurt toch de uitgestrekte hemel.","Płynąc swobodnie, zmienia kształt, a mimo to barwi rozległe niebo.","Flyter fritt, skifter form og farger likevel den vide himmelen.","Szabadon áramlik, alakot vált, mégis kiszínezi a tágas eget.","זורם בחופשיות, משנה צורה ועדיין צובע את השמים הרחבים.","Свободно текущий, меняющий форму, но раскрашивающий бескрайнее небо.","Laisvai tekantis, keičiantis formą, bet spalvinantis begalinį dangų."
"城","決して打ち破られないお城のように堅固に守り、安心を与える象徴","A symbol of steadfast protection, like a castle that can never be broken.","Un símbolo de protección firme, como un castillo que nunca puede ser derribado.","Un symbole de protection inébranlable, comme un château que l’on ne peut jamais abattre.","Ein Symbol standhaften Schutzes, wie eine Burg, die niemals zu brechen ist.","Un simbolo di protezione incrollabile, come un castello che non può mai essere abbattuto.","Isang sagisag ng matatag na pagprotekta, tulad ng kastilyong hindi kayang gibain.","Um símbolo de proteção firme, como um castelo que nunca pode ser derrubado.","Asla yıkılamayan bir kale gibi sarsılmaz korumanın sembolü.","رمز للحماية الراسخة، كقلعة لا يمكن تحطيمها أبدًا.","En symbol för orubbligt beskydd, som ett slott som aldrig kan brytas ner.","Een symbool van standvastige bescherming, als een kasteel dat nooit kan worden gebroken.","Symbol niezachwianej ochrony, jak zamek, którego nigdy nie da się zdobyć.","Et symbol på urokkelig beskyttelse, som et slott som aldri kan brytes ned.","A rendíthetetlen védelem jelképe, mint egy vár, amelyet sosem lehet bevenni.","סמל להגנה יציבה, כמו טירה שאי אפשר לפרוץ לעולם.","Символ непоколебимой защиты, как замок, который невозможно разрушить.","Tvirtos apsaugos simbolis, kaip pilies, kurios niekada negalima sugriauti."
"音","あなたの言動が心に響き、調和をもたらす力","Your words and actions resonate in the heart, bringing harmony.","Tus palabras y acciones resuenan en el corazón y traen armonía.","Tes paroles et tes actes résonnent dans le cœur et apportent l’harmonie.","Deine Worte und Taten hallen im Herzen nach und bringen Harmonie.","Le tue parole e le tue azioni risuonano nel cuore e portano armonia.","Ang iyong mga salita at gawa ay umaalingawngaw sa puso at nagdudulot ng pagkakaisa.","Suas palavras e ações ecoam no coração, trazendo harmonia.","Sözlerin ve davranışların kalpte yankılanır ve uyum getirir.","كلماتك وأفعالك تتردد في القلب وتجلب الانسجام.","Dina ord och handlingar klingar i hjärtat och skapar harmoni.","Je woorden en daden resoneren in het hart en brengen harmonie.","Twoje słowa i czyny rozbrzmiewają w sercu, przynosząc harmonię.","Dine ord og handlinger klinger i hjertet og skaper harmoni.","Szavaid és tetteid visszhangzanak a szívben, és harmóniát hoznak.","מילותיך ומעשיך מהדהדים בלב ומביאים הרמוניה.","Ваши слова и действия находят отклик в сердце, принося гармонию.","Jūsų žodžiai ir veiksmai atsiliepia širdyje, teikdami harmoniją."
"炉","温もりを宿し、人々を集める場","A place that holds warmth and gathers people together.","Un lugar que guarda el calor y reúne a las personas.","Un lieu qui garde la chaleur et rassemble les gens.","Ein Ort, der Wärme bewahrt und Menschen zusammenbringt.","Un luogo che custodisce il calore e riunisce le persone.","Isang lugar na nag-iingat ng init at nagtitipon ng mga tao.","Um lugar que guarda o calor e reúne as pessoas.","Sıcaklığı içinde tutan ve insanları bir araya getiren bir yer.","مكان يحتفظ بالدفء ويجمع الناس معًا.","En plats som bär på värme och samlar människor.","Een plek die warmte bewaart en mensen samenbrengt.","Miejsce, które zachowuje ciepło i gromadzi ludzi razem.","Et sted som bevarer varmen og samler mennesker.","Hely, amely megőrzi a meleget és összehozza az embereket.","מקום השומר על חום ומקרב אנשים זה לזה.","Место, хранящее тепло и собирающее людей вместе.","Vieta, turinti šilumą ir telkianti žmones kartu."
"虹","雨上がりに現れ、希望と夢をつなぐ架け橋","Appearing after the rain, a bridge that connects hope and dreams.","Aparece tras la lluvia como un puente que une la esperanza y los sueños.","Apparaissant après la pluie, un pont qui relie l’espoir et les rêves.","Erscheint nach dem Regen wie eine Brücke, die Hoffnung und Träume verbindet.","Appare dopo la pioggia come un ponte che unisce speranza e sogni.","Lumilitaw matapos ang ulan, isang tulay na nagdurugtong sa pag-asa at mga pangarap.","Aparece após a chuva, como uma ponte que liga esperança e sonhos.","Yağmurdan sonra görünen, umut ile hayalleri bağlayan bir köprü.","يظهر بعد المطر كجسر يربط بين الأمل والأحلام.","Visar sig efter regnet som en bro som förenar hopp och drömmar.","Verschijnt na de regen als een brug die hoop en dromen verbindt.","Pojawia się po deszczu niczym most łączący nadzieję i marzenia.","Viser seg etter regnet som en bro som knytter håp og drømmer sammen.","Az eső után jelenik meg, mint egy híd, amely összeköti a reményt és az álmokat.","מופיע אחרי הגשם כגשר המחבר בין תקווה וחלומות.","Появляясь после дождя, мост, соединяющий надежду и мечты.","Pasirodantis po lietaus, tiltas, jungiantis viltį ir svajones."
"飛","大空へ羽ばたき、可能性を広げる力","The power to spread wings into the sky and expand possibilities.","El poder de desplegar las alas hacia el cielo y ampliar las posibilidades.","Le pouvoir de déployer ses ailes vers le ciel et d’élargir les possibilités.","Die Kraft, die Flügel zum Himmel auszubreiten und Möglichkeiten zu erweitern.","Il potere di spiegare le ali verso il cielo ed espandere le possibilità.","Lakas na ibuka ang pakpak sa kalangitan at palawakin ang mga posibilidad.","O poder de abrir as asas para o céu e expandir as possibilidades.","Kanatlarını gökyüzüne açıp olasılıkları genişletme gücü.","القوة على نشر الأجنحة نحو السماء وتوسيع دائرة الإمكانيات.","Kraften att breda ut sina vingar mot himlen och vidga möjligheterna.","De kracht om de vleugels naar de hemel uit te slaan och de mogelijkheden te vergroten.","Siła rozpościerania skrzydeł ku niebu i poszerzania możliwości.","Kraften til å strekke ut vingene mot himmelen og utvide mulighetene.","Az erő, hogy szárnyainkat az ég felé tárjuk, és kitágítsuk a lehetőségeket.","הכוח לפרוש כנפיים לשמים ולהרחיב את האפשרויות.","Сила расправить крылья в небо и расширить возможности.","Galia išskleisti sparnus į dangų ir plėsti galimybes."
"瑠","澄んだ青の輝きのように、清らかで広がりのある心","A heart as pure and expansive as a shining blue light.","Un corazón tan puro y amplio como una luz azul resplandeciente.","Un cœur aussi pur et vaste qu’une lumière bleue éclatante.","Ein Herz, so rein und weit wie ein strahlend blaues Licht.","Un cuore puro e ampio come una luminosa luce azzurra.","Pusong dalisay at malawak na parang kumikislap na bughaw na liwanag.","Um coração tão puro e amplo quanto uma luz azul brilhante.","Parlak mavi ışık kadar saf ve engin bir kalp.","قلب نقي وواسع كلون ضوء أزرق متلألئ.","Ett hjärta lika rent och vidsträckt som ett lysande blått ljus.","Een hart zo puur en wijd als een stralend blauw licht.","Serce tak czyste i rozległe jak jaśniejące niebieskie światło.","Et hjerte like rent og vidt som et strålende blått lys.","Szív, amely olyan tiszta és tágas, mint egy ragyogó kék fény.","לב טהור ורחב כמו אור כחול זוהר.","Сердце, такое же чистое и обширное, как сияющий синий свет.","Širdis, tokia pat tyra ir plati kaip spindinti mėlyna šviesa."
"衣","身を包み、個性を表す象徴","A symbol that clothes the body and expresses individuality.","Un símbolo que viste el cuerpo y expresa la individualidad.","Un symbole qui habille le corps et exprime l’individualité.","Ein Symbol, das den Körper kleidet und die Individualität ausdrückt.","Un simbolo che riveste il corpo ed esprime l’individualità.","Isang sagisag na tumatakip sa katawan at nagpapahayag ng pagiging natatangi.","Um símbolo que veste o corpo e expressa a individualidade.","Bedeni giydiren ve bireyselliği ifade eden bir sembol.","رمز يكسو الجسد ويعبّر عن التفرد.","En symbol som klär kroppen och uttrycker individualitet.","Een symbool dat het lichaam bekleedt en individualiteit uitdrukt.","Symbol, który okrywa ciało i wyraża indywidualność.","Et symbol som kler kroppen og uttrykker individualitet.","Jelkép, amely beborítja a testet és kifejezi az egyéniséget.","סמל הלובש את הגוף ומבטא את הייחודיות האישית.","Символ, облекающий тело и выражающий индивидуальность.","Simbolis, apgaubiantis kūną ir išreiškiantis individualumą."
"咲","花のように咲き誇り、周囲に喜びを届ける存在","Blooming like a flower, bringing joy to those around.","Floreciendo como una flor, llevando alegría a quienes la rodean.","Épanouie comme une fleur, apportant de la joie à son entourage.","Erblüht wie eine Blume und bringt den Menschen ringsum Freude.","Sbocciando come un fiore, porta gioia a chi le sta intorno.","Namumulaklak na parang bulaklak, nagdudulot ng galak sa mga nasa paligid.","Florescendo como uma flor, trazendo alegria a todos ao redor.","Bir çiçek gibi açarak çevresine neşe getiren bir varlık.","تتزهر كزهرة وتمنح من حولها فرحًا.","Blommande som en blomma och skänker glädje till dem omkring.","Bloeiend als een bloem en brengend vreugde aan de mensen om zich heen.","Rozkwita niczym kwiat, niosąc radość otoczeniu.","Blomstrer som en blomst og gir glede til dem rundt seg.","Úgy virágzik, mint egy virág, és örömet hoz a környezetének.","פורחת כמו פרח ומביאה שמחה לסביבה.","Цветет как цветок, принося радость окружающим.","Žydintis kaip gėlė, teikiantis džiaugsmą aplinkiniams."
"寿","長寿と繁栄を祝う、人生の喜び","A joy of life that celebrates longevity and prosperity.","Una alegría de la vida que celebra la longevidad y la prosperidad.","Une joie de vivre qui célèbre la longévité et la prospérité.","Eine Lebensfreude, die Langlebigkeit und Wohlstand feiert.","Una gioia di vivere che celebra la longevità e la prosperità.","Kagalakan sa buhay na nagdiriwang ng mahabang buhay at kasaganaan.","Um alegria da vida que celebra longevidade e prosperidade.","Uzun ömür ve refahı kutlayan bir yaşam sevinci.","فرحة حياة تحتفي بطول العمر والازدهار.","En livsglädje som firar lång livslängd och välstånd.","Een levensvreugde die een lang leven en voorspoed viert.","Radość życia, która świętuje długowieczność i pomyślność.","En livsglede som feirer lang levetid og velstand.","Életöröm, amely az élethosszt és a jólétet ünnepli.","שמחת חיים החוגגת אריכות ימים ושגשוג.","Радость жизни, празднующая долголетие и процветание.","Gyvenimo džiaugsmas, švenčiantis ilgaamžiškumą ir klestėjimą."
"羽","軽やかに舞い、自由を象徴する存在","A presence that dances lightly, symbolizing freedom.","Una presencia que danza con ligereza y simboliza la libertad.","Une présence qui danse légèrement et symbolise la liberté.","Eine Erscheinung, die leicht tanzt und die Freiheit symbolisiert.","Una presenza che danza con leggerezza e simboleggia la libertà.","Presensiyang magaan sumasayaw at sumasagisag ng kalayaan.","Uma presença que dança levemente e simboliza a liberdade.","Hafifçe dans eden ve özgürlüğü simgeleyen bir varlık.","حضور يرقص بخفة ويرمز إلى الحرية.","En närvaro som dansar lätt och symboliserar frihet.","Een aanwezigheid die licht danst en vrijheid symboliseert.","Obecność, która lekko tańczy, symbolizując wolność.","En tilstedeværelse som danser lett og symboliserer frihet.","Jelenlét, amely könnyedén táncol, a szabadságot jelképezve.","נוכחות הרוקדת בקלילות ומסמלת חירות.","Присутствие, которое легко танцует, символизируя свободу.","Buvimas, lengvai šokantis, simbolizuojantis laisvę."
"取","必要なものを選び取り、人生を形づくる力","The power to choose what is needed and shape life.","El poder de elegir lo necesario y dar forma a la vida.","Le pouvoir de choisir ce qui est nécessaire et de façonner la vie.","Die Kraft, das Notwendige zu wählen und das Leben zu gestalten.","Il potere di scegliere ciò che è necessario e dare forma alla vita.","Lakas na pumili ng mahalaga at humubog ng buhay.","O poder de escolher o que é necessário e moldar a vida.","Gerekli olanı seçip hayatı şekillendirme gücü.","القوة على اختيار ما هو ضروري وتشكيل الحياة.","Kraften att välja det som behövs och forma livet.","De kracht om te kiezen wat nodig is en het leven vorm te geven.","Siła wybierania tego, co potrzebne, i kształtowania życia.","Kraften til å velge det som trengs og forme livet.","Az erő, hogy kiválasszuk, ami szükséges, és formáljuk az életünket.","הכוח לבחור את הדרוש ולעצב את החיים.","Сила выбирать необходимое и формировать жизнь.","Galia pasirinkti tai, ko reikia, ir formuoti gyvenimą."
"駆","力強く走り抜け、未来へ進む行動力","The driving force to run powerfully forward into the future.","La fuerza motriz para avanzar con poder hacia el futuro.","La force motrice pour avancer avec puissance vers l’avenir.","Die treibende Kraft, kraftvoll in die Zukunft voranzuschreiten.","Il potere trainante per correre con energia verso il futuro.","Puwersang nagtutulak upang buong lakas na sumulong tungo sa hinaharap.","A força motriz para avançar com vigor em direção ao futuro.","Güçlü bir şekilde geleceğe doğru ilerleten itici güç.","القوة الدافعة للتقدم بقوة نحو المستقبل.","Den drivande kraften att gå starkt framåt in i framtiden.","De drijvende kracht om krachtig vooruit te gaan de toekomst in.","Siła napędowa, która pozwala z mocą biec ku przyszłości.","Den drivende kraften som bærer deg kraftfullt inn i framtiden.","A hajtóerő, amely erővel visz előre a jövő felé.","הכוח המניע לרוץ בעוצמה לעבר העתיד.","Движущая сила мощно бежать вперед в будущее.","Varantioji jėga galingai bėgti pirmyn į ateitį."
"襟","襟を正すように、誠実で清らかな心","A heart that, like straightening one’s collar, remains sincere and pure.","Un corazón que, como al arreglar el cuello de la camisa, permanece sincero y puro.","Un cœur qui, comme lorsqu’on redresse son col, demeure sincère et pur.","Ein Herz, das – wie beim Ordnen des Kragens – aufrichtig und rein bleibt.","Un cuore che, come quando si sistema il colletto, rimane sincero e puro.","Pusong, tulad ng pag-aayos ng kuwelyo, nananatiling tapat at dalisay.","Um coração que, como ao ajeitar a gola, permanece sincero e puro.","Yakasını düzelten biri gibi, dürüst ve tertemiz kalan bir kalp.","قلب يبقى صادقًا ونقيًا، كما عند تهذيب الياقة وتعديلها.","Ett hjärta som, likt när man rätar till kragen, förblir uppriktigt och rent.","Een hart dat, net als wanneer je je kraag rechtzet, oprecht en zuiver blijft.","Serce, które – jak przy poprawianiu kołnierza – pozostaje szczere i czyste.","Et hjerte som, lik det å rette på kragen, forblir oppriktig og rent.","Szív, amely – mint amikor megigazítjuk a gallérunkat – őszinte és tiszta marad.","לב אשר, כמו יישור הצווארון, נשאר כן וטהור.","Сердце, которое, подобно поправленному воротнику, остается искренним и чистым.","Širdis, kuri, kaip išsilyginusi apykaklę, išlieka nuoširdi ir tyra."
"玖","黒曜石のように深い輝きを秘める宝","A treasure holding a deep brilliance like obsidian.","Un tesoro que guarda un brillo profundo como la obsidiana.","Un trésor qui renferme une lueur profonde comme l’obsidienne.","Ein Schatz, der ein tiefes Leuchten wie Obsidian in sich trägt.","Un tesoro che racchiude uno splendore profondo come l’ossidiana.","Isang kayamanang nagtataglay ng malalim na kislap na parang obsidyana.","Um tesouro que guarda um brilho profundo como a obsidiana.","Obsidyen gibi derin bir parıltı taşıyan hazine.","كنز يحمل بريقًا عميقًا يشبه حجر الأوبסيدיאן.","En skatt som bär på ett djupt skimmer likt obsidian.","Een schat die een diepe glans draagt, zoals obsidiaan.","Skarb, który kryje w sobie głęboki blask niczym obsydian.","En skatt som bærer på en dyp glans, lik obsidian.","Kincs, amely mély, obszidiánhoz hasonló ragyogást hordoz.","אוצר הנושא ברק עמוק הדומה לאובסידיאן.","Сокровище, хранящее сияние глубины, подобно обсидиану.","Lobis, turintis gilią spindesį kaip obsidianas."
"梨","甘く実る果実のように、豊かさを分かち合う心","A heart that shares abundance, like sweetly ripened fruit.","Un corazón que comparte abundancia, como fruto maduro y dulce.","Un cœur qui partage l’abondance, tel un fruit mûr et sucré.","Ein Herz, das Fülle teilt, wie eine süß gereifte Frucht.","Un cuore che condivide l’abbondanza, come un frutto dolcemente maturo.","Pusong nagbabahagi ng kasaganaan, tulad ng hinog at matamis na prutas.","Um coração que partilha abundância, como um fruto doce e maduro.","Olgun, tatlı bir meyve gibi bolluğu paylaşan bir kalp.","قلب يشارك الوفرة، كفاكهة ناضجة وحلوة.","Ett hjärta som delar med sig av överflöd, som en sött mogen frukt.","Een hart dat overvloed deelt, als een zoet rijpe vrucht.","Serce, które dzieli się obfitością niczym słodko dojrzały owoc.","Et hjerte som deler overflod, som en søtt moden frukt.","Szív, amely bőséget oszt meg, akár egy édesre érett gyümölcs.","לב המשתף שפע, כמו פרי בשל ומתוק.","Сердце, делящееся изобилием, подобно сладко созревшему плоду.","Širdis, besidalijanti gausa, kaip saldžiai prinokęs vaisius."
"茶","温かさを分かち合い、心を和ませる存在","A presence that shares warmth and soothes the heart.","Una presencia que comparte calidez y calma el corazón.","Une présence qui partage sa chaleur et apaise le cœur.","Eine Präsenz, die Wärme teilt und das Herz beruhigt.","Una presenza che dona calore e lenisce il cuore.","Presensiyang nagbabahagi ng init at nagpapaginhawa sa puso.","Uma presença que compartilha calor e acalma o coração.","Sıcaklığını paylaşan ve kalbi yatıştıran bir varlık.","حضور يشارك الدفء ويهدّئ القلب.","En närvaro som delar värme och stillar hjärtat.","Een aanwezigheid die warmte deelt en het hart tot rust brengt.","Obecność, która dzieli się ciepłem i koi serce.","En tilstedeværelse som deler varme og lindrer hjertet.","Jelenlét, amely meleget ad és megnyugtatja a szívet.","נוכחות המפיצה חום ומרגיעה את הלב.","Присутствие, делящееся теплом и успокаивающее сердце.","Buvimas, besidalijantis šiluma ir raminantis širdį."
"努","努力を惜しまず、困難を乗り越える力","The strength to spare no effort and overcome hardships.","La fuerza de no escatimar esfuerzo y superar las dificultades.","La force de ne ménager aucun effort et de surmonter les épreuves.","Die Kraft, keine Mühen zu scheuen und Schwierigkeiten zu überwinden.","La forza di non risparmiare energie e superare le difficoltà.","Lakas na hindi nagtitipid ng pagsisikap at kayang lampasan ang mga pagsubok.","A força de não poupar esforço e superar as dificuldades.","Hiçbir çabadan kaçınmadan zorlukların üstesinden gelme gücü.","قوة عدم ادخار أي جهد وتجاوز الصعوبات.","Kraften att inte spara på ansträngning och övervinna svårigheter.","De kracht om geen moeite te sparen en moeilijkheden te overwinnen.","Siła, by nie szczędzić wysiłku i pokonywać trudności.","Kraften til å ikke spare på innsatsen og overvinne vanskeligheter.","Az erő, hogy ne sajnáljuk a fáradságot, és legyőzzük a nehézségeket.","הכוח לא לחסוך במאמץ ולהתגבר על קשיים.","Сила не жалеть усилий и преодолевать трудности.","Galia negailėti pastangų ir įveikti sunkumus."
"金","輝きを放ち、価値を生み出す象徴","A symbol that radiates brilliance and creates value.","Un símbolo que irradia brillo y genera valor.","Un symbole qui rayonne d’éclat et crée de la valeur.","Ein Symbol, das Glanz ausstrahlt und Wert schafft.","Un simbolo che irradia splendore e crea valore.","Isang sagisag na nagliliwanag ng kinang at lumilikha ng halaga.","Um símbolo que irradia brilho e gera valor.","Parlaklık yayan ve değer yaratan bir sembol.","رمز يشع بريقًا ويخلق قيمة.","En symbol som strålar av glans och skapar värde.","Een symbool dat glans uitstraalt en waarde schept.","Symbol, który promieniuje blaskiem i tworzy wartość.","Et symbol som stråler av glans og skaper verdi.","Egy szimbólum, amely ragyogást áraszt és értéket teremt.","סמל שפולט זוהר ויוצר ערך.","Символ, излучающий блеск и создающий ценность.","Simbolis, spinduliuojantis ryškumą ir kuriantis vertę."
"里","故郷を思い、心に安らぎを与える存在","A presence that recalls home and brings peace to the heart.","Una presencia que recuerda el hogar y aporta paz al corazón.","Une présence qui rappelle la maison et apporte la paix au cœur.","Eine Präsenz, die an die Heimat erinnert und dem Herzen Frieden schenkt.","Una presenza che richiama la casa e porta pace al cuore.","Presensiyang nagpapaalala ng tahanan at nagbibigay-kapayapaan sa puso.","Uma presença que recorda o lar e traz paz ao coração.","Evi hatırlatan ve kalbe huzur getiren bir varlık.","حضور يذكّر بالبيت ويمنح القلب سلامًا.","En närvaro som påminner om hemmet och skänker hjärtat ro.","Een aanwezigheid die aan thuis doet denken en het hart rust geeft.","Obecność, która przywołuje dom i przynosi sercu spokój.","En tilstedeværelse som minner om hjemmet og gir hjertet ro.","Jelenlét, amely felidézi az otthont, és nyugalmat hoz a szívnek.","נוכחות שמזכירה את הבית ומעניקה ללב שלווה.","Присутствие, напоминающее о доме и приносящее мир в сердце.","Buvimas, primenantis namus ir teikiantis ramybę širdžiai."
"健","健やかに生き、周囲に活力を与える力","Living healthily, giving vitality to those around.","Vivir con salud y dar vitalidad a quienes te rodean.","Vivre en bonne santé tout en donnant de la vitalité à son entourage.","Gesund leben und den Menschen um sich herum Vitalität schenken.","Vivere in modo sano e donare vitalità a chi ti sta intorno.","Mabuhay nang malusog at magbigay sigla sa mga nasa paligid.","Viver com saúde e dar vitalidade a quem está ao redor.","Sağlıklı yaşayıp çevrendekilere canlılık vermek.","العيش بصحة جيدة ومنح الحيوية لمن حولك.","Att leva hälsosamt och ge livskraft till dem runt omkring.","Gezond leven en vitaliteit geven aan de mensen om je heen.","Żyć zdrowo i dodawać energii tym, którzy są wokół ciebie.","Å leve sunt og gi livskraft til dem rundt deg.","Egészségesen élni, és életerőt adni a körülötted lévőknek.","לחיות בבריאות ולהעניק חיוניות לסובבים אותך.","Здоровая жизнь, дающая жизненную силу окружающим.","Sveikas gyvenimas, teikiantis gyvybingumą aplinkiniams."
"彩","色彩豊かに人生を彩り、喜びを広げる心","A heart that colors life richly and spreads joy.","Un corazón que llena la vida de color y difunde alegría.","Un cœur qui colore la vie avec richesse et répand la joie.","Ein Herz, das das Leben bunt färbt und Freude verbreitet.","Un cuore che colora la vita con ricchezza e diffonde gioia.","Pusong makulay na nagbibigay kulay sa buhay at nagpapalawak ng kagalakan.","Um coração que colore a vida com riqueza e espalha alegria.","Hayatı zengin renklerle boyayan ve sevinç yayan bir kalp.","قلب يلوّن الحياة بغنى وينشر الفرح.","Ett hjärta som färgsätter livet rikt och sprider glädje.","Een hart dat het leven rijk kleurt en vreugde verspreidt.","Serce, które barwnie zdobi życie i szerzy radość.","Et hjerte som farger livet rikt og sprer glede.","Szív, amely gazdagon színezi az életet és szétárasztja az örömöt.","לב הצובע את החיים בעושר ומפיץ שמחה.","Сердце, богато раскрашивающее жизнь и распространяющее радость.","Širdis, gausiai spalvinanti gyvenimą ir skleidžianti džiaugsmą."
"涼","涼やかに心を落ち着け、爽やかさを届ける存在","A presence that calms the heart with coolness and delivers refreshment.","Una presencia que calma el corazón con frescura y brinda alivio.","Une présence qui apaise le cœur par sa fraîcheur et apporte un sentiment de rafraîchissement.","Eine Präsenz, die das Herz mit ihrer Kühle beruhigt und Erfrischung bringt.","Una presenza che placa il cuore con freschezza e dona sollievo.","Presensiyang nagpapalamig ng puso at nagdudulot ng kasariwaan.","Uma presença que acalma o coração com frescor e traz renovação.","Serinliğiyle kalbi yatıştıran ve ferahlık veren bir varlık.","حضور يهدّئ القلب ببرودته ويمنح انتعاشًا.","En närvaro som stillar hjärtat med svalka och skänker friskhet.","Een aanwezigheid die het hart met verkoeling tot rust brengt en verfrissing geeft.","Obecność, która chłodem uspokaja serce i przynosi orzeźwienie.","En tilstedeværelse som kjøler og roer hjertet og gir forfriskning.","Jelenlét, amely hűvösségével megnyugtatja a szívet és felfrissít.","נוכחות שמקררת ומרגיעה את הלב ומביאה רעננות.","Присутствие, успокаивающее сердце прохладой и дарящее освежение.","Buvimas, raminantis širdį vėsuma ir teikiantis atgaivą."
"天","天の広がりを映し、無限の可能性を抱く精神","A spirit reflecting the vastness of heaven, embracing infinite possibilities.","Un espíritu que refleja la inmensidad del cielo y abraza posibilidades infinitas.","Un esprit qui reflète l’immensité du ciel et embrasse des possibilités infinies.","Ein Geist, der die Weite des Himmels widerspiegelt und unendliche Möglichkeiten umfasst.","Uno spirito che riflette l’immensità del cielo e abbraccia infinite possibilità.","Isang diwang sumasalamin sa lawak ng kalangitan at yumayakap sa walang hanggang posibilidad.","Um espírito que reflete a vastidão do céu e abraça possibilidades infinitas.","Gökyüzünün enginliğini yansıtan ve sonsuz olasılıkları kucaklayan bir ruh.","روح تعكس اتساع السماء وتحتضن إمكانات لا نهائية.","En ånd som speglar himlens vidder och omfamnar oändliga möjligheter.","Een geest die de uitgestrektheid van de hemel weerspiegelt en oneindige mogelijkheden omarmt.","Duch odzwierciedlający ogrom nieba i obejmujący nieskończone możliwości.","En ånd som speiler himmelens vidde og omfavner uendelige muligheter.","Lélek, amely tükrözi az ég végtelenségét, és végtelen lehetőségeket ölel magához.","רוח המשקפת את מרחבי השמים ומחבקת אינסוף אפשרויות.","Дух, отражающий бескрайность небес и охватывающий бесконечные возможности.","Dvasia, atspindinti dangaus platybes ir priimanti begalines galimybes."
"生","命の尊さを知り、日々を大切に生きる心","A heart that knows the value of life and cherishes each day.","Un corazón que conoce el valor de la vida y aprecia cada día.","Un cœur qui connaît la valeur de la vie et chérit chaque jour.","Ein Herz, das den Wert des Lebens kennt und jeden Tag wertschätzt.","Un cuore che conosce il valore della vita e apprezza ogni giorno.","Pusong nakakaunawa sa halaga ng buhay at pinahahalagahan ang bawat araw.","Um coração que conhece o valor da vida e valoriza cada dia.","Hayatın değerini bilen ve her güne kıymet veren bir kalp.","قلب يعرف قيمة الحياة ويقدّر كل يوم.","Ett hjärta som känner livets värde och uppskattar varje dag.","Een hart dat de waarde van het leven kent en elke dag waardeert.","Serce, które zna wartość życia i docenia każdy dzień.","Et hjerte som kjenner livets verdi og setter pris på hver dag.","Szív, amely ismeri az élet értékét, és megbecsül minden egyes napot.","לב שיודע את ערך החיים ומוקיר כל יום.","Сердце, которое знает ценность жизни и ценит каждый день.","Širdis, žinanti gyvenimo vertę ir branginanti kiekvieną dieną."
"帝","王様のように堂々と立ち、人々を導く威厳ある存在","A majestic presence that stands proudly like a king, guiding people.","Una presencia majestuosa que se alza con orgullo como un rey y guía a las personas.","Une présence majestueuse qui se tient fièrement comme un roi et guide les gens.","Eine majestätische Präsenz, die stolz wie ein König steht und Menschen führt.","Una presenza maestosa che sta fiera come un re e guida le persone.","Makapangyarihang presensya na nakatayo nang may dangal na parang hari at gumagabay sa mga tao.","Uma presença majestosa que se ergue com orgulho como um rei e guia as pessoas.","Kral gibi gururla duran ve insanlara rehberlik eden görkemli bir varlık.","حضور مهيب يقف بفخر كملك ويهدي الناس.","En majestätisk närvaro som står stolt som en kung och vägleder människor.","Een majestueuze aanwezigheid die trots als een koning staat en mensen leidt.","Majestatyczna obecność, która stoi dumnie jak król i prowadzi ludzi.","En majestetisk tilstedeværelse som står stolt som en konge og leder mennesker.","Fenséges jelenlét, amely királyként, büszkén állva vezeti az embereket.","נוכחות מלכותית העומדת בגאווה כמלך ומכוונת אנשים.","Величественное присутствие, которое стоит гордо, как король, и ведёт людей.","Didingas buvimas, stovintis išdidžiai kaip karalius ir vedantis žmones."
"倍","力を何倍にもして、成果を大きく広げる力","The power to multiply strength and expand achievements greatly.","El poder de multiplicar la fuerza y ampliar en gran medida los logros.","Le pouvoir de multiplier les forces et d’élargir grandement les réussites.","Die Kraft, Stärke zu vervielfachen und Erfolge stark auszuweiten.","Il potere di moltiplicare la forza e ampliare grandemente i risultati.","Lakas na kayang paramihin ang puwersa at malaki ang mapalawak na mga tagumpay.","O poder de multiplicar a força e ampliar grandemente as conquistas.","Gücü katlayıp başarıları büyük ölçüde genişleten bir güç.","قوة تضاعف الطاقة وتوسّع الإنجازات بدرجة كبيرة.","Kraften att mångdubbla styrkan och kraftigt utvidga framgångarna.","De kracht om de sterkte te vermenigvuldigen en prestaties sterk uit te breiden.","Siła, która mnoży moc i znacznie poszerza osiągnięcia.","Kraften til å mangedoble styrken og utvide prestasjonene stort.","Az erő, amely megsokszorozza az erőt és nagymértékben kibővíti az eredményeket.","הכוח להכפיל את העוצמה ולהרחיב מאוד את ההישגים.","Сила, которая умножает мощь и значительно расширяет достижения.","Galia, padauginanti stiprybę ir labai išplečianti pasiekimus."
"奈","柔らかな響きで、人々に親しみを与える心。そして古風なものを大切にする。","A gentle resonance that brings familiarity, cherishing tradition.","Una resonancia suave التي despierta cercanía y aprecia la tradición.","Une résonance douce qui suscite un sentiment de familiarité et chérit la tradition.","Eine sanfte Resonanz, die Vertrautheit weckt und die Tradition würdigt.","Una risonanza delicata che dona familiarità e custodisce la tradizione.","Banayad na pag-alingawngaw na nagbibigay pagiging pamilyar at pagpapahalaga sa tradisyon.","Uma ressonância suave que traz familiaridade e valoriza a tradição.","Yakınlık duygusu uyandıran ve geleneği önemseyen yumuşak bir yankı.","صدى لطيف يبعث على الألفة ويقدّر التقاليد.","En mild resonans som skapar närhet och värdesätter traditionen.","Een zachte resonantie die vertrouwdheid brengt en de traditie waardeert.","Delikatny rezonans, który budzi poczucie bliskości i ceni tradycję.","En mild resonans som gir nærhet og verdsetter tradisjon.","Gyengéd rezonancia, amely közelséget teremt és megbecsüli a hagyományt.","תהודה עדינה המשרה תחושת קרבה ומוקירה את המסורת.","Мягкий отклик, вызывающий чувство близости и ценящий традицию.","Švelnus atgarsis, sukuriantis artumo jausmą ir branginantis tradicijas."
"紅","鮮やかな紅色のように、情熱と美を象徴する心","A heart symbolizing passion and beauty, like vivid crimson.","Un corazón que simboliza pasión y belleza, como un rojo carmesí intenso.","Un cœur qui symbolise la passion et la beauté, tel un rouge cramoisi éclatant.","Ein Herz, das Leidenschaft und Schönheit symbolisiert, wie leuchtendes Karminrot.","Un cuore che simboleggia passione e bellezza, come un rosso cremisi vivido.","Pusong sumasagisag sa alab ng damdamin at kagandahan, parang matingkad na pula.","Um coração que simboliza paixão e beleza, como um vermelho carmim intenso.","Tutkulu ve güzel, canlı karmen kırmızısı gibi bir kalp.","قلب يرمز للشغف والجمال، كلون أحمر قرمزي زاهٍ.","Ett hjärta som symboliserar passion och skönhet, likt en klar karmosinröd ton.","Een hart dat passie en schoonheid symboliseert, als een fel karmozijnrood.","Serce symbolizujące namiętność i piękno, niczym intensywna karmazynowa czerwień.","Et hjerte som symboliserer lidenskap og skjønnhet, som en sterk karmosinrød farge.","Szív, amely a szenvedélyt és a szépséget jelképezi, akár az élénk karmazsinvörös.","לב המסמל תשוקה ויופי, כמו אדום ארגמני חי.","Сердце, олицетворяющее страсть и красоту, словно яркий багровый цвет.","Širdis, simbolizuojanti aistrą ir grožį, kaip ryški purpurinė spalva."
"澄","澄んだ水のように、清らかで透明な心","A heart as pure and transparent as clear water.","Un corazón tan puro y transparente como el agua clara.","Un cœur aussi pur et transparent que de l’eau limpide.","Ein Herz, so rein und durchsichtig wie klares Wasser.","Un cuore puro e trasparente come acqua limpida.","Pusong dalisay at malinaw na parang kristal na tubig.","Um coração tão puro e transparente quanto água límpida.","Berrak su gibi saf ve şeffaf bir kalp.","قلب نقي وشفاف مثل ماء صافٍ.","Ett hjärta lika rent och klart som klart vatten.","Een hart zo puur en doorzichtig als helder water.","Serce tak czyste i przejrzyste jak krystalicznie czysta woda.","Et hjerte som er like rent og klart som klart vann.","Szív, amely olyan tiszta és áttetsző, mint a kristálytiszta víz.","לב טהור ושקוף כמו מים צלולים.","Сердце, такое же чистое и прозрачное, как чистая вода.","Širdis, tokia pat tyra ir skaidri kaip giedras vanduo."
"朗","明るく朗らかに、周囲を和ませる","Bright and cheerful, soothing those around.","Brillante y alegre, calmando a quienes lo rodean.","Lumineux et enjoué, apaisant ceux qui l’entourent.","Hell und heiter, beruhigend für die Menschen in der Umgebung.","Luminoso e allegro, rasserenando chi gli sta intorno.","Maliwanag at masigla, nagpapagaan ng loob ng mga nasa paligid.","Brilhante e bem-humorado, acalmando quem está ao redor.","Parlak ve neşeli, çevresindekileri rahatlatan bir varlık.","مشرق ومبتهج، يهدّئ من حوله.","Ljus och gladlynt, och lugnar dem som finns runt omkring.","Helder en opgewekt, en stelt de mensen om zich heen gerust.","Jasny i pogodny, łagodzący tych, którzy są w pobliżu.","Lys og munter, og beroliger dem rundt seg.","Világos és derűs, megnyugtatja a körülötte lévőket.","בהיר ועליז, מרגיע את הסובבים אותו.","Светлый и жизнерадостный, успокаивающий окружающих.","Šviesus ir linksmas, raminantis aplinkinius."
"蘭","日本では祝い事の際に提供される花：蘭。それは、高貴で優雅に咲き、気品を漂わせる存在","In Japan, orchids are offered at celebrations—blooming nobly and elegantly, radiating grace.","En Japón, las orquídeas se ofrecen en celebraciones: florecen con nobleza y elegancia, irradiando gracia.","Au Japon, on offre des orchidées lors des célébrations : elles fleurissent noblement et avec élégance, irradiant de grâce.","In Japan werden bei Feierlichkeiten Orchideen verschenkt – sie blühen edel und elegant und strahlen Anmut aus.","In Giappone le orchidee si donano nelle celebrazioni: fioriscono in modo nobile ed elegante, irradiando grazia.","Sa Japan, iniaalay ang orkidyas sa mga okasyon—namumukadkad nang marangal at elegante, nagliliwanag ng biyaya.","No Japão, orquídeas são oferecidas em celebrações — florescem de forma nobre e elegante, irradiando graça.","Japonya’da kutlamalarda orkide hediye edilir; asil ve zarif biçimde açar, zarafet saçar.","في اليابان تُقدَّم زهرة الأوركيد في الاحتفالات؛ تزهر بنبل ورقة وتشع أناقة ورقّة.","I Japan ges orkidéer vid högtider – de blommar edelt och elegant och utstrålar grace.","In Japan worden bij vieringen orchideeën geschonken – ze bloeien edel en elegant en stralen gratie uit.","W Japonii storczyki wręcza się przy uroczystościach – kwitną szlachetnie i elegancko, promieniując wdziękiem.","I Japan gis orkidéer ved feiringer – de blomstrer edelt og elegant og stråler ut ynde.","Japánban ünnepségeken orchideát ajándékoznak – nemesen és elegánsan nyílik, és kecsességet sugároz.","ביפן מעניקים סחלבים בחגיגות – הם פורחים באצילות ובאלגנטיות ומשדרים חן.","В Японии на торжества дарят орхидеи — они благородно и изящно цветут, излучая утончённую грацию.","Japonijoje per šventes dovanojamos orchidėjos – jos žydi kilniai ir elegantiškai, spinduliuodamos malonę."
"唯","独自の輝きを持ち、個性を大切にする心","A heart with a unique brilliance, cherishing individuality.","Un corazón con un brillo único, que valora la individualidad.","Un cœur au éclat unique, qui chérit l’individualité.","Ein Herz mit einem einzigartigen Leuchten, das die Individualität schätzt.","Un cuore dal bagliore unico, che apprezza l’individualità.","Pusong may natatanging kislap na nagpapahalaga sa pagiging kakaiba ng bawat isa.","Um coração com um brilho único, que valoriza a individualidade.","Eşsiz bir parıltıya sahip, bireyselliği önemseyen bir kalp.","قلب ذو بريق فريد يقدّر الفردية.","Ett hjärta med en unik lyskraft som värdesätter individualitet.","Een hart met een unieke glans dat individualiteit waardeert.","Serce o niepowtarzalnym blasku, które ceni indywidualność.","Et hjerte med en unik glans som verdsetter individualitet.","Szív, amely egyedi ragyogással bír, és nagyra értékeli az egyéniséget.","לב בעל זוהר ייחודי המוקיר את האינדיבידואליות.","Сердце с уникальным сиянием, ценящее индивидуальность.","Širdis su unikaliu spindesiu, branginanti individualumą."
"万","無限を抱き、可能性を切り開く象徴","A symbol embracing infinity, opening possibilities.","Un símbolo que abraza lo infinito y abre posibilidades.","Un symbole qui embrasse l’infini et ouvre des possibilités.","Ein Symbol, das die Unendlichkeit umfasst und Möglichkeiten eröffnet.","Un simbolo che abbraccia l’infinito e apre nuove possibilità.","Isang simbolo na yumayakap sa kawalang-hanggan at nagbubukas ng mga posibilidad.","Um símbolo que abraça o infinito e abre possibilidades.","Sonsuzluğu kucaklayan ve yeni olasılıklar açan bir sembol.","رمز يحتضن اللانهاية וيفتح آفاقًا من الإمكانيات.","En symbol som omfamnar oändligheten och öppnar möjligheter.","Een symbool dat de oneindigheid omarmt en mogelijkheden opent.","Symbol obejmujący nieskończoność i otwierający nowe możliwości.","Et symbol som omfavner det uendelige og åpner muligheter.","Szimbólum, amely magához öleli a végtelent és új lehetőségeket nyit meg.","סמל המחבק את האינסוף ופותח אפשרויות.","Безграничное процветание и вечность.","Begalinis klestėjimas ir amžinybė."
"大","大きな器で人を受け止め、堂々と生きる力","The power to embrace others with a great vessel and live with dignity.","El poder de acoger a los demás con un gran corazón y vivir con dignidad.","Le pouvoir d’embrasser les autres avec un grand cœur et de vivre avec dignité.","Die Kraft, andere mit einem großen Herzen zu umfassen und würdevoll zu leben.","Il potere di accogliere gli altri con un grande cuore e vivere con dignità.","Lakas na yakapin ang iba sa isang malaking puso at mamuhay nang may dignidad.","O poder de acolher os outros com um grande coração e viver com dignidade.","Başkalarını büyük bir yürekle kucaklama ve onurlu bir yaşam sürme gücü.","قوة احتضان الآخرين بقلب واسع والعيش بكرامة.","Kraften att omfamna andra med ett stort hjärta och leva med värdighet.","De kracht om anderen met een groot hart te omarmen en met waardigheid te leven.","Siła, by obejmować innych wielkim sercem i żyć z godnością.","Kraften til å omfavne andre med et stort hjerte og leve med verdighet.","Az erő, hogy nagy szívvel öleljük magunkhoz a többieket, és méltósággal éljünk.","הכוח לחבק אחרים בלב גדול ולחיות בכבוד.","Обширный и великий дух с огромным сердцем.","Plati ir didi dvasia su didžiule širdimi."
"勝","困難を乗り越え、勝利をつかむ習慣を育てる力","The strength to overcome hardships, seize victory, and embody the habit of winning.","La fuerza para superar las dificultades, conquistar la victoria y hacer del triunfo un hábito.","La force de surmonter les épreuves, saisir la victoire et faire de la réussite une habitude.","Die Stärke, Widrigkeiten zu überwinden, den Sieg zu ergreifen und das Gewinnen zur Gewohnheit zu machen.","La forza di superare le difficoltà, cogliere la vittoria e fare della conquista un’abitudine.","Lakas na malampasan ang mga pagsubok, makamit ang tagumpay at gawing nakagawian ang panalo.","A força para superar dificuldades, alcançar a vitória e fazer do vencer um hábito.","Zorlukların üstesinden gelip zafer kazanma ve kazanmayı alışkanlık haline getirme gücü.","القوة لتجاوز الشدائد، انتزاع النصر وجعل الانتصار عادة.","Styrkan att övervinna svårigheter, vinna seger och göra segern till en vana.","De kracht om moeilijkheden te overwinnen, de overwinning te grijpen en van winnen een gewoonte te maken.","Siła, by pokonywać przeciwności, sięgać po zwycięstwo i uczynić wygrywanie nawykiem.","Styrken til å overvinne motgang, gripe seieren og gjøre det å vinne til en vane.","Az erő, hogy legyőzzük a nehézségeket, elérjük a győzelmet, és a nyerést szokássá tegyük.","הכוח להתגבר על קשיים, לזכות בניצחון ולהפוך את ההצלחה להרגל.","Сила преодолевать трудности, добиваться победы и превращать выигрыши в привычку.","Stiprybė įveikti sunkumus, pasiekti pergalę ir paversti laimėjimą įpročiu."
"心","いのちの中心にあり、深い愛と優しさを湛える源","At the center of life, a deep source of love and compassion.","En el centro de la vida, una fuente profunda de amor y compasión.","Au centre de la vie, une source profonde d’amour et de compassion.","Im Zentrum des Lebens, eine tiefe Quelle von Liebe und Mitgefühl.","Al centro della vita, una profonda sorgente di amore e compassione.","Sa sentro ng buhay, isang malalim na bukal ng pag-ibig at malasakit.","No centro da vida, uma fonte profunda de amor e compaixão.","Hayatın merkezinde, sevgi ve şefkat dolu derin bir kaynak.","في قلب الحياة، ينبوع عميق של محبة ورحمة.","I livets centrum, en djup källa av kärlek och medkänsla.","In het midden van het leven, een diepe bron van liefde en mededogen.","W centrum życia — głębokie źródło miłości i współczucia.","I livets sentrum, en dyp kilde til kjærlighet og medfølelse.","Az élet középpontjában egy mély forrása a szeretetnek és az együttérzésnek.","במרכז החיים, מעיין עמוק של אהבה וחמלה.","Искреннее и доброе сердце, полное понимания.","Nuoširdi ir maloni širdis, pilna supratimo."
"多","豊かさを多く持ち、分かち合う喜びを知る心","A heart that holds great abundance and knows the joy of sharing.","Un corazón que posee gran abundancia y conoce la alegría de compartir.","Un cœur qui porte une grande abondance et connaît la joie de partager.","Ein Herz, das große Fülle in sich trägt und die Freude des Teilens kennt.","Un cuore che custodisce grande abbondanza e conosce la gioia di condividere.","Pusong nagtataglay ng kasaganaan at marunong sa ligaya ng pagbabahagi.","Um coração que guarda grande abundância e conhece a alegria de compartilhar.","Büyük bir bolluk taşıyan ve paylaşmanın sevincini bilen bir kalp.","قلب يحمل وفرة كبيرة ويعرف فرحة المشاركة.","Ett hjärta som bär stor rikedom och känner glädjen i att dela med sig.","Een hart dat grote overvloed draagt en de vreugde van het delen kent.","Serce, które niesie wielką obfitość i zna radość dzielenia się.","Et hjerte som bærer stor rikdom og kjenner gleden ved å dele.","Egy szív, amely nagy bőséget hordoz, és ismeri a megosztás örömét.","לב הנושא עמו שפע גדול ומכיר את שמחת הנתינה.","Сердце, которое хранит большое изобилие и знает радость делиться.","Širdis, pasižyminti gausa ir žinanti dalijimosi džiaugsmą."
"亜","広い世界の一部として、多様性を受け入れる精神","Embracing diversity as part of a wide world.","Un espíritu que abraza la diversidad como parte de un mundo amplio.","Un esprit qui accueille la diversité comme partie intégrante d’un vaste monde.","Ein Geist, der Vielfalt als Teil einer weiten Welt annimmt.","Uno spirito che accoglie la diversità come parte di un mondo vasto.","Diwang maluwag na tinatanggap ang pagkakaiba-iba bilang bahagi ng malawak na mundo.","Um espírito que acolhe a diversidade como parte de um mundo amplo.","Genis bir dünyanın parçası olarak çeşitliliği kucaklayan bir ruh.","روح يتبنّى التنوّع بوصفه جزءًا من عالم واسع.","En ande som omfamnar mångfald som en del av en vidsträckt värld.","Een geest die diversiteit omarmt als onderdeel van een grote wereld.","Duch, który przyjmuje różnorodność jako część szerokiego świata.","En ånd som omfavner mangfold som en del av en vid verden.","Olyan lélek, amely a sokféleséget egy tágas világ részének tekinti.","רוח המחבקת את הגיוון כחלק מעולם רחב.","Дух, принимающий разнообразие как часть большого мира.","Dvasia, priimanti įvairovę kaip didelio pasaulio dalį."
"南","温かい陽光のように、人々に安らぎを与える存在。前世は南国生まれ","A presence that, like warm southern sunlight, brings comfort to people; a soul once born in the tropics.","Una presencia que, como la cálida luz del sol del sur, brinda consuelo a las personas; un alma nacida en los trópicos.","Une présence qui, tel un soleil chaud du sud, apporte du réconfort aux gens ; une âme autrefois née sous les tropiques.","Eine Präsenz, die wie warme südliche Sonne den Menschen Trost schenkt; eine Seele, die einst in den Tropen geboren wurde.","Una presenza che, come il caldo sole del sud, dona conforto alle persone; un’anima un tempo nata ai tropici.","Presensiyang parang mainit na araw sa timog, nagbibigay-ginhawa sa mga tao; kaluluwang minsang isinilang sa tropiko.","Uma presença que, como o sol quente do sul, traz conforto às pessoas; uma alma nascida nos trópicos.","Güneyin sıcak güneşi gibi insanlara huzur veren bir varlık; bir zamanlar tropiklerde doğmuş bir ruh.","حضور يشبه شمس الجنوب الدافئة يمنح الناس سكينة؛ روح وُلدت يومًا في المناطق الاستوائية.","En närvaro som likt en varm sydlig sol skänker människor ro; en själ som en gång föddes i tropikerna.","Een aanwezigheid die, als de warme zuidelijke zon, mensen troost brengt; een ziel die ooit in de tropen werd geboren.","Obecność niczym ciepłe południowe słońce, która daje ludziom ukojenie; dusza, która niegdyś narodziła się w tropikach.","En tilstedeværelse som, lik en varm sørlig sol, gir mennesker trøst; en sjel som en gang ble født i tropene.","Egy jelenlét, amely a déli nap melegéhez hasonlóan megnyugvást ad az embereknek; egy lélek, amely valaha a trópusokon született.","נוכחות הדומה לשמש הדר החמה, המעניקה לאנשים נחת; נשמה שנולדה אי־פעם באזורים הטרופיים.","Присутствие, подобное тёплому южному солнечному свету, дарящее людям покой; душа, некогда рождённая в тропиках.","Buvimas, panašus į šiltą pietų saulės šviesą, teikiantis žmonėms ramybę; siela, kadaise gimusi tropikuose."
"乃","柔らかく流れるように、自然体で生きる心","A heart that flows gently and lives in a natural, relaxed way.","Un corazón que fluye con suavidad y vive de forma natural y relajada.","Un cœur qui s’écoule avec douceur et vit de façon naturelle et détendue.","Ein Herz, das sanft fließt und auf natürliche, entspannte Weise lebt.","Un cuore che scorre con dolcezza e vive in modo naturale e rilassato.","Pusong dumadaloy nang banayad at namumuhay nang natural at relaks.","Um coração que flui suavemente e vive de maneira natural e descontraída.","Yumuşakça akan ve doğal, sakin bir şekilde yaşayan bir kalp.","قلب يجري بلطف ويعيش بطبيعية وراحة.","Ett hjärta som flyter mjukt och lever på ett naturligt, avslappnat sätt.","Een hart dat zachtjes stroomt en op een natuurlijke, ontspannen manier leeft.","Serce, które płynie łagodnie i żyje w sposób naturalny i spokojny.","Et hjerte som flyter rolig og lever naturlig og avslappet.","Egy szív, amely lágyan áramlik, és természetesen, lazán él.","לב הזורם ברכות וחי באופן טבעי ונינוח.","Сердце, которое мягко течёт и живёт естественно и спокойно.","Širdis, kuri švelniai teka ir gyvena natūraliai bei ramiai."
"座","落ち着いて座すことで、安定と安心をもたらす象徴","A symbol of calm presence, bringing stability and reassurance.","Un símbolo de presencia serena que aporta estabilidad y tranquilidad.","Un symbole de présence sereine, apportant stabilité et apaisement.","Ein Symbol ruhiger Präsenz, das Stabilität und Zuversicht bringt.","Un simbolo di presenza calma che porta stabilità e rassicurazione.","Isang sagisag ng payapang presensya na nagbibigay ng katatagan at kapanatagan.","Um símbolo de presença calma que traz estabilidade e segurança.","Sakin duruşuyla istikrar ve güven veren huzurlu bir varlık sembolü.","رمز لحضور هادئ يجلب الاستقرار والاطمئنان.","En symbol för lugn närvaro som skänker stabilitet och trygghet.","Een symbool van rustige aanwezigheid die stabiliteit en geruststelling brengt.","Symbol spokojnej obecności, która przynosi stabilność i ukojenie.","Et symbol på rolig tilstedeværelse som gir stabilitet og trygghet.","A nyugodt jelenlét szimbóluma, amely stabilitást és biztonságot ad.","סמל לנוכחות רגועה המביאה יציבות וביטחון.","Символ спокойного присутствия, приносящий стабильность и уверенность.","Ramo buvimo simbolis, suteikiantis stabilumo ir užtikrintumo."
"時","時間を大切にし、今を精一杯生きる大切さを重視している。","Valuing time and emphasizing the importance of living fully in the present.","Valorando el tiempo y destacando la importancia de vivir plenamente el presente.","En accordant de la valeur au temps et en soulignant l’importance de vivre pleinement le présent.","Die Zeit wertschätzend und die Bedeutung betonend, die Gegenwart voll auszukosten.","Dando valore al tempo e sottolineando l’importanza di vivere appieno il presente.","Pinahahalagahan ang oras at binibigyang-diin ang kahalagahan ng buong pusong pamumuhay sa kasalukuyan.","Valorizando o tempo e enfatizando a importância de viver intensamente o presente.","Zamana değer verip, şimdiki ânı dolu dolu yaşamanın önemini vurgulayan bir anlayış.","يقدّر الوقت ويؤكد أهمية عيش الحاضر بكل ملואו.","Att värdesätta tiden och betona vikten av att leva nuet fullt ut.","De tijd waarderen en het belang benadrukken van het volledig leven in het nu.","Szanując czas i podkreślając wagę pełnego przeżywania teraźniejszości.","Å verdsette tiden og understreke viktigheten av å leve fullt ut i nået.","Fontosnak tartja az időt, és hangsúlyozza a jelen pillanat teljes megélését.","מעניק ערך לזמן ומדגיש את חשיבות החיים במלואם ברגע הזה.","Ценя время и подчёркивая важность жить настоящим в полной мере.","Vertinant laiką ir pabrėžiant svarbą pilnavertiškai gyventi dabartimi."
"嵐","激しい嵐のような人生の困難を乗り越え、強さを育む力","The power to overcome life’s storms and cultivate strength.","El poder de superar las tormentas de la vida y forjar la fortaleza.","La force de surmonter les tempêtes de la vie et de forger la force intérieure.","Die Kraft, die Stürme des Lebens zu überstehen und innere Stärke zu entwickeln.","Il potere di superare le tempeste della vita e coltivare la forza interiore.","Lakas na malampasan ang mga bagyo ng buhay at magpalago ng katatagan.","O poder de superar as tempestades da vida e cultivar a força.","Hayatın fırtınalarını aşarak güç kazandıran bir kudret.","القوة على تجاوز عواصف الحياة وتنمية القوة.","Kraften att övervinna livets stormar och odla styrka.","De kracht om de stormen van het leven te overwinnen en kracht te ontwikkelen.","Siła, by przetrwać życiowe burze i wypracować własną moc.","Styrken til å overvinne livets stormer og bygge opp styrke.","Az erő, amely segít átvészelni az élet vihart, és megerősödni általa.","הכוח להתגבר על סערות החיים ולטפח עוצמה.","Сила, позволяющая пережить жизненные бури и вырастить в себе стойкость.","Galia ištverti gyvenimo audras ir išsiugdyti atsparumą."
"斗","北斗のように唯一無二の存在。大きな器を持ち、リーダーとなる","A unique presence like the Big Dipper, with a great vessel, becoming a leader.","Una presencia única como la Osa Mayor, con gran capacidad, destinada a ser líder.","Une présence unique comme la Grande Ourse, dotée d’une grande envergure, appelée à devenir leader.","Eine einzigartige Präsenz wie der Große Wagen, mit großem Format, die zur Führung bestimmt ist.","Una presenza unica come il Grande Carro, con grande capacità, destinata a guidare gli altri.","Isang natatanging presensya na parang Big Dipper, may malaking kakayahan at nagiging pinuno.","Uma presença única como o Grande Carro (Big Dipper), de grande estatura, destinada à liderança.","Büyükayı takımyıldızı gibi eşsiz, büyük kapasiteye sahip ve lider olmaya aday bir varlık.","حضور فريد ككوكبة الدب الأكبر، ذو سعة عظيمة ومهيأ للقيادة.","En unik närvaro likt Stora Björn, med stor bärkraft och kallad att bli ledare.","Een unieke aanwezigheid als het sterrenbeeld Grote Beer, met groot draagvlak en geroepen om te leiden.","Jedyna w swoim rodzaju obecność niczym Wielki Wóz, o wielkiej pojemności, powołana do przewodzenia.","En unik tilstedeværelse som Karlsvognen, med stor kapasitet og et kall til å være leder.","Egyedülálló jelenlét, akár a Göncölszekér, nagy befogadóképességgel és vezetésre hivatva.","נוכחות ייחודית כמו כוכבי העגלה הגדולה, בעלת קיבולת גדולה וייעוד של הנהגה.","Уникальное присутствие, словно созвездие Большой Медведицы, с большим потенциалом и призванием вести.","Unikalus buvimas, tarsi Didžiųjų Grįžulo Ratų žvaigždynas, turintis didelį potencialą ir pašaukimą vesti."
"火","情熱を燃やし、生命を輝かせる力","The power to ignite passion and make life shine.","El poder de encender la pasión y hacer que la vida brille.","Le pouvoir d’embraser la passion et de faire rayonner la vie.","Die Kraft, Leidenschaft zu entfachen und das Leben zum Leuchten zu bringen.","Il potere di accendere la passione e far risplendere la vita.","Kapangyarihang magningas ng pagnanasa at pasiglahin ang buhay.","O poder de acender a paixão e fazer a vida brilhar.","Tutkuyu ateşleyen ve hayata parlaklık katan bir güç.","القوة لإشعال الشغف وجعل الحياة تتلألأ.","Kraften att tända passionen och få livet att lysa.","De kracht om passie aan te wakkeren en het leven te laten stralen.","Siła rozpalająca pasję i sprawiająca, że życie jaśnieje.","Kraften til å tenne lidenskap og få livet til å skinne.","Az erő, amely lángra lobbantja a szenvedélyt és ragyogóvá teszi az életet.","הכוח להצית תשוקה ולהאיר את החיים.","Сила зажигать страсть и заставлять жизнь сиять.","Galia uždegti aistrą ir priversti gyvenimą spindėti."
"明","明るく照らし、未来を導く光","A light that shines brightly and guides the future.","Una luz que brilla intensamente y guía el futuro.","Une lumière qui brille vivement et guide l’avenir.","Ein Licht, das hell leuchtet und den Weg in die Zukunft weist.","Una luce che splende luminosa e guida il futuro.","Isang liwanag na maliwanag na tumatanglaw at gumagabay sa kinabukasan.","Uma luz que brilha intensamente e guia o futuro.","Parlak biçimde parlayan ve geleceğe yön veren bir ışık.","نور ساطع يضيء الطريق ويهدي نحو المستقبل.","Et ljus som lyser klart och leder framtiden.","Een licht dat helder straalt en de toekomst leidt.","Światło, które jasno świeci i prowadzi ku przyszłości.","Et lys som skinner klart og leder inn i framtiden.","Egy fény, amely ragyogva világítja meg és vezeti a jövőt.","אור הזורח בעוצמה ומכוון את הדרך לעתיד.","Свет, который ярко сияет и ведёт в будущее.","Šviesa, kuri ryškiai šviečia ir veda į ateitį."
"善","善き行いを積み重ね、人生を豊かにする心","A heart that enriches life through good deeds.","Un corazón que enriquece la vida a través de las buenas acciones.","Un cœur qui enrichit la vie par ses bonnes actions.","Ein Herz, das das Leben durch gute Taten bereichert.","Un cuore che arricchisce la vita attraverso le buone azioni.","Pusong pinayayaman ang buhay sa pamamagitan ng mabubuting gawa.","Um coração que enriquece a vida por meio de boas ações.","İyi davranışlarla hayatı zenginleştiren bir kalp.","قلب يثري الحياة من خلال الأفعال الطيبة.","Ett hjärta som berikar livet genom goda gärningar.","Een hart dat het leven verrijkt door goede daden.","Serce, które wzbogaca życie poprzez dobre uczynki.","Et hjerte som beriker livet gjennom gode handlinger.","Szív, amely jótettekkel teszi gazdagabbá az életet.","לב המעשיר את החיים באמצעות מעשים טובים.","Сердце, которое обогащает жизнь добрыми делами.","Širdis, praturtinanti gyvenimą gerais darbais."
"芽","新しい芽のように、希望と成長を象徴する存在","A presence like a new sprout, symbolizing hope and growth.","Una presencia como un brote nuevo, que simboliza esperanza y crecimiento.","Une présence telle une jeune pousse, symbole d’espoir et de croissance.","Eine Präsenz wie ein frischer Trieb, Symbol für Hoffnung und Wachstum.","Una presenza come un nuovo germoglio, simbolo di speranza e crescita.","Presensiyang tulad ng bagong usbong, sumasagisag sa pag-asa at pag-unlad.","Uma presença como um novo broto, simbolizando esperança e crescimento.","Yeni bir filiz gibi umut ve büyümeyi simgeleyen bir varlık.","حضور يشبه برعمًا جديدًا يرمز للأمل والنمو.","En närvaro likt ett nytt skott, som symboliserar hopp och växande.","Een aanwezigheid als een nieuwe spruit, symbool voor hoop en groei.","Obecność niczym świeży pęd, symbol nadziei i wzrostu.","En tilstedeværelse som et nytt skudd, som symboliserer håp og vekst.","Olyan jelenlét, mint egy friss hajtás, a remény és a növekedés jelképe.","נוכחות הדומה לניצן חדש המסמל תקווה וצמיחה.","Присутствие, подобное новому ростку, символизирующее надежду и рост.","Buvimas, panašus į naują ūglį, simbolizuojantis viltį ir augimą."
"自","自らを信じ、主体的に生きる力","The power to believe in oneself and live proactively.","La fuerza de creer en uno mismo y vivir de forma proactiva.","La force de croire en soi et de vivre de façon proactive.","Die Kraft, an sich selbst zu glauben und aktiv das Leben zu gestalten.","Il potere di credere in se stessi e vivere in modo proattivo.","Lakas na maniwala sa sarili at mamuhay nang may kusa at paninindigan.","O poder de acreditar em si mesmo e viver de forma proativa.","Kendine inanma ve hayatı etkin biçimde yaşama gücü.","قوة الإيمان بالنفس والعيش بمبادرة وحيوية.","Kraften att tro på sig själv och leva på ett aktivt sätt.","De kracht om in jezelf te geloven en het leven proactief te leiden.","Siła wiary w siebie i aktywnego, sprawczego życia.","Kraften til å tro på seg selv og leve på en aktiv, selvstendig måte.","Az erő, hogy higgyünk önmagunkban, és kezdeményezően éljünk.","הכוח להאמין בעצמך ולחיות באופן יזום ואקטיבי.","Сила верить в себя и активно проживать свою жизнь.","Galia tikėti savimi ir aktyviai gyventi savo gyvenimą."
"直","真っ直ぐに歩み、自分の芯を曲げず、誠実を貫く心","A heart that walks straight, never bending its core, living with sincerity.","Un corazón que avanza recto, sin doblar את לִבּוֹ הפנימי, y vive con sinceridad.","Un cœur qui avance droit, sans plier son noyau intérieur, vivant dans la sincérité.","Ein Herz, das geradlinig voranschreitet, seinen inneren Kern nicht beugt und aufrichtig lebt.","Un cuore che cammina diritto, senza piegare il proprio nucleo interiore, vivendo con sincerità.","Pusong matuwid na naglalakad, hindi yumuyuko sa kanyang paninindigan, namumuhay nang tapat.","Um coração que caminha reto, sem curvar seu núcleo interior, vivendo com sinceridade.","Dosdoğru yürüyen, özünden ödün vermeyen ve içtenlikle yaşayan bir kalp.","قلب يسير باستقامة ولا يثني جوهره الداخلي ويعيش بصدق.","Ett hjärta som går rakt fram, aldrig böjer sin inre kärna och lever med uppriktighet.","Een hart dat recht vooruit gaat, zijn innerlijke kern niet buigt en oprecht leeft.","Serce, które kroczy prosto, nie naginając swojego wnętrza i żyjąc szczerze.","Et hjerte som går rett fram, uten å bøye sin indre kjerne, og lever oppriktig.","Egy szív, amely egyenesen jár, nem hajlítja meg belső magját, és őszintén él.","לב ההולך בישרות, אינו מכופף את ליבת זהותו וחי ביושר.","Прямолинейная искренность и честная позиция.","Tiesioginis nuoširdumas ir sąžininga laikysena."
"強","困難に負けず、力強く生きる精神。そして肉体的な強さ","A spirit that lives powerfully without yielding to hardship, with physical strength as well.","Un espíritu que vive con fuerza sin ceder ante las dificultades, dotado también de fortaleza física.","Un esprit qui vit avec puissance sans céder devant l’adversité, doté aussi d’une force physique.","Ein Geist, der kraftvoll lebt und vor Schwierigkeiten nicht zurückweicht, verbunden mit körperlicher Stärke.","Uno spirito che vive con forza senza cedere alle difficoltà, dotato anche di vigore fisico.","Diwang namumuhay nang malakas at hindi sumusuko sa hirap, kalakip ang lakas ng katawan.","Um espírito que vive com vigor sem ceder às dificuldades, com força física também.","Zorluklara boyun eğmeden güçlü yaşayan, aynı zamanda bedensel güce de sahip bir ruh.","روح يعيش بقوة دون أن يستسلم للصعوبات، ويتمتع أيضًا بقوة جسدية.","En ånd som lever kraftfullt uten å gi etter for motgang, med fysisk styrke i tillegg.","Een geest die krachtig leeft zonder voor tegenslag te wijken, met ook lichamelijke kracht.","Duch, który żyje z mocą, nie poddając się trudnościom, obdarzony także siłą fizyczną.","En ånd som lever sterkt uten å gi etter for vansker, med fysisk styrke i tillegg.","Olyan lélek, amely nem hátrál meg a nehézségek elől, és testi ereje is van.","רוח החיה בעוצמה ואינה נכנעת לקשיים, והכול בליווי כוח גופני.","Дух, который живёт мощно, не сдаваясь трудностям, обладая и физической силой.","Dvasia, kuri gyvena galingai, nepasiduodama sunkumams, turinti ir fizinės jėgos."
"敏","素早く感じ取り、柔軟に応える賢さ","Wisdom and agility to sense quickly and respond flexibly.","Sabiduría y agilidad para percibir con rapidez y responder con flexibilidad.","Sagesse et agilité pour percevoir rapidement et répondre avec souplesse.","Weisheit und Beweglichkeit, schnell wahrzunehmen und flexibel zu reagieren.","Saggezza e prontezza nel cogliere subito le cose e rispondere con flessibilità.","Katalinuhan at liksi na agad makaramdam at tumugon nang may pagkamalikhain.","Sabedoria e agilidade para perceber rapidamente e responder com flexibilidade.","Hızlıca sezme ve esnek tepki verme becerisine sahip bilgelik.","حكمة وسرعة بديهة للإحساس السريع والاستجابة بمرونة.","Visdom och smidighet att snabbt uppfatta och svara flexibelt.","Wijsheid en soepelheid om snel waar te nemen en flexibel te reageren.","Mądrość i zwinność, by szybko dostrzec i elastycznie reagować.","Visdom og smidighet til å sanse raskt og svare fleksibelt.","Bölcsesség és fürgeség, hogy gyorsan érzékeljünk és rugalmasan reagáljunk.","חוכמה וזריזות לחוש במהירות ולהגיב בגמישות.","Мудрость и подвижность, чтобы быстро чувствовать и гибко отвечать.","Išmintis ir vikrumas greitai pajusti ir lanksčiai reaguoti."
"礼","親しい間柄でも礼節を忘れず、敬意を示す心","A heart that never forgets courtesy, even with those close, showing respect.","Un corazón que no olvida la cortesía ni siquiera con los más cercanos y muestra respeto.","Un cœur qui n’oublie jamais la politesse, même avec les plus proches, et témoigne du respect.","Ein Herz, das selbst den Nächsten gegenüber die Höflichkeit nicht vergisst und Respekt zeigt.","Un cuore che non dimentica le buone maniere nemmeno con i più vicini e mostra rispetto.","Pusong hindi nalilimutan ang paggalang kahit sa malalapit, at laging nagpapakita ng respeto.","Um coração que não esquece a cortesia, mesmo com os mais próximos, e demonstra respeito.","En yakınlara karşı bile nezaketi unutmayan ve saygı gösteren bir kalp.","قلب لا ينسى اللياقة حتى مع הקרובים ويُظهر احترام.","Et hjärta som aldrig glömmer artighet, inte ens med de närmaste, och visar respekt.","Een hart dat de beleefdheid niet vergeet, zelfs niet tegenover intimi, en respect toont.","Serce, które nie zapomina o grzeczności nawet wobec najbliższych i okazuje szacunek.","Et hjerte som ikke glemmer høflighet, selv blant nære, og viser respekt.","Olyan szív, amely a közeli kapcsolatokban sem felejti el az udvariasságot, és tiszteletet mutat.","לב שאינו שוכח נימוס גם מול הקרובים ומביע כבוד.","Уважение и вежливость в общении с людьми.","Pagarba ir mandagumas bendraujant su žmonėmis."
"希","明るい希望を未来へ運ぶ、前向きな心","Positivity that carries bright hope into the future as an ally.","Una positividad que lleva una esperanza luminosa hacia el futuro como aliada.","Un élan positif qui porte un espoir lumineux vers l’avenir comme un allié.","Eine positive Haltung, die als Verbündete strahlende Hoffnung in die Zukunft trägt.","Un atteggiamento positivo che porta una speranza luminosa nel futuro come alleata.","Positibong diwa na nagdadala ng maliwanag na pag-asa tungo sa kinabukasan bilang kakampi.","Uma positividade que leva uma esperança luminosa ao futuro como aliada.","Parlak umudu geleceğe bir dost gibi taşıyan olumlu ruh.","إيجابية تحمل أملًا مشرقًا إلى المستقبل كحليف.","En positiv kraft som bär ljusnande hopp in i framtiden som en allierad.","Een positieve kracht die stralende hoop als bondgenoot de toekomst in draagt.","Pozytywne nastawienie, które niesie jasną nadzieję w przyszłość niczym sojusznika.","En positiv holdning som bærer et strålende håp inn i framtiden som en alliert.","Pozitív hozzáállás, amely szövetségesként viszi a ragyogó reményt a jövőbe.","גישת חיים חיובית הנושאת תקווה זוהרת אל העתיד כבעלת ברית.","Свет желаний, приносящий надежду в будущее.","Norų šviesa, teikianti viltį ateičiai."
"堂","堂々と立ち、人々を支える存在","A presence that stands proudly and supports people.","Una presencia que se alza con orgullo y brinda apoyo a las personas.","Une présence qui se tient fièrement et soutient les gens.","Eine Präsenz, die aufrecht und stolz steht und Menschen stützt.","Una presenza che sta salda e fiera e sostiene le persone.","Presensiyang nakatindig nang buong dangal at sumusuporta sa mga tao.","Uma presença que se mantém erguida com orgulho e sustenta as pessoas.","Gururla dimdik duran ve insanlara destek olan bir varlık.","حضور يقف بفخر ويدعم الناس.","En närvaro som står stadigt och stolt och ger människor stöd.","Een aanwezigheid die fier rechtop staat en mensen ondersteunt.","Obecność, która stoi dumnie i daje ludziom oparcie.","En tilstedeværelse som står støtt og stolt og støtter mennesker.","Olyan jelenlét, amely büszkén, szilárdan áll, és támaszt nyújt az embereknek.","נוכחות העומדת זקופה וגאה ותומכת באנשים.","Присутствие, которое стоит твёрдо и с гордостью, поддерживая людей.","Buvimas, stovintis tvirtai ir išdidžiai, palaikantis žmones."
"歩","一歩一歩を大切に踏みしめ、人生を築いていく謙虚な心","A humble heart that builds life step by step.","Un corazón humilde que construye la vida paso a paso.","Un cœur humble qui construit sa vie pas à pas.","Ein bescheidenes Herz, das sein Leben Schritt für Schritt aufbaut.","Un cuore umile che costruisce la propria vita passo dopo passo.","Mapakumbabang pusong unti-unting bumubuo ng buhay, hakbang sa bawat hakbang.","Um coração humilde que constrói a vida passo a passo.","Mütevazı, hayatını adım adım inşa eden bir kalp.","قلب متواضع يبني الحياة خطوة بخطوة.","Ett ödmjukt hjärta som bygger livet steg för steg.","Een bescheiden hart dat het leven stap voor stap opbouwt.","Skromne serce, które buduje życie krok po kroku.","Et ydmykt hjerte som bygger livet skritt for skritt.","Alázatos szív, amely lépésről lépésre építi fel az életét.","לב ענו שבונה את החיים צעד אחר צעד.","Смиренное сердце, которое строит жизнь шаг за шагом.","Nuolanki širdis, kurianti gyvenimą žingsnis po žingsnio."
"文","言葉を紡ぎ、文化を育む力","The power to weave words and nurture culture.","El poder de tejer palabras y nutrir la cultura.","Le pouvoir de tisser les mots et de nourrir la culture.","Die Kraft, Worte zu weben und Kultur zu pflegen.","Il potere di intrecciare le parole e coltivare la cultura.","Ang kapangyarihang humabi ng mga salita at mag-alaga ng kultura.","O poder de entrelaçar palavras e nutrir a cultura.","Sözcükleri örüp kültürü besleyen güç.","القوة على نسج الكلمات ورعاية الثقافة.","Kraften att väva ord och vårda kulturen.","De kracht om woorden te weven en cultuur te koesteren.","Siła tkania słów i pielęgnowania kultury.","Kraften til å veve ord og pleie kulturen.","Az erő, amely szavakat sző és ápolja a kultúrát.","הכוח לשזור מילים ולטפח תרבות.","Сила сплетать слова и взращивать культуру.","Galia pinti žodžius ir puoselėti kultūrą."
"風","自由に吹き渡り、変化をもたらす象徴","A symbol of freedom that blows across and brings change.","Un símbolo de libertad que sopla a través de todo y trae cambio.","Un symbole de liberté qui souffle au loin et apporte le changement.","Ein Symbol der Freiheit, das über alles hinwegweht und Wandel bringt.","Un simbolo di libertà che soffia ovunque e porta il cambiamento.","Isang simbolo ng kalayaan na umiihip saanman at nagdadala ng pagbabago.","Um símbolo de liberdade que sopra por todos os cantos e traz mudança.","Her yerden esip değişim getiren özgürlüğün bir sembolü.","رمز للحرية يهب في الأرجاء ويجلب التغيير.","En symbol för frihet som sveper fram och för med sig förändring.","Een symbool van vrijheid dat overal doorheen waait en verandering brengt.","Symbol wolności, który powiewa nad wszystkim i przynosi zmianę.","Et symbol på frihet som blåser over alt og bringer forandring.","A szabadság jelképe, amely átfúj mindenen és változást hoz.","סמל לחירות הנושבת בכל מקום ומביאה שינוי.","Свободная душа, приносящая новое дыхание и освежение.","Laisva siela, teikianti naują kvėpavimą ir atgaivą."
"辺","境界を越え、新しい世界へ広がる心","A heart that crosses boundaries and expands into new worlds.","Un corazón que cruza fronteras y se abre a nuevos mundos.","Un cœur qui franchit les frontières et s’ouvre à de nouveaux mondes.","Ein Herz, das Grenzen überschreitet und sich in neue Welten ausdehnt.","Un cuore che oltrepassa i confini e si espande in nuovi mondi.","Pusong tumatawid sa mga hangganan at lumalawak tungo sa mga bagong mundo.","Um coração que atravessa fronteiras e se expande para novos mundos.","Sınırları aşan ve yeni dünyalara açılan bir kalp.","قلب يتجاوز الحدود ويتسع لعوالم جديدة.","Ett hjärta som korsar gränser och vidgar sig mot nya världar.","Een hart dat grenzen oversteekt och zich uitstrekt naar nieuwe werelden.","Serce, które przekracza granice i rozszerza się na nowe światy.","Et hjerte som krysser grenser og utvider seg inn i nye verdener.","Szív, amely átlépi a határokat és új világok felé tágul.","לב החוצה גבולות ומתרחב אל עולמות חדשים.","Сердце, которое пересекает границы и раскрывается новым мирам.","Širdis, peržengianti sienas ir atsiverianti naujiems pasauliams."
"謝","感謝を忘れず、人との縁を深める心","A heart that never forgets gratitude and deepens bonds with others.","Un corazón que nunca olvida la gratitud y profundiza los lazos con los demás.","Un cœur qui n’oublie jamais la gratitude et approfondit les liens avec les autres.","Ein Herz, das Dankbarkeit nie vergisst und Beziehungen zu anderen vertieft.","Un cuore che non dimentica mai la gratitudine e approfondisce i legami con gli altri.","Pusong hindi nakakalimot magpasalamat at nagpapalalim ng ugnayan sa kapwa.","Um coração que nunca esquece a gratidão e aprofunda os laços com os outros.","Minnettarlığı asla unutmayan ve başkalarıyla bağları derinleştiren bir kalp.","قلب لا ينسى לעולם את الامتنان ويعمّق الروابط مع الآخرين.","Ett hjärta som aldrig glömmer tacksamhet och fördjupar banden till andra.","Een hart dat dankbaarheid nooit vergeet en de banden met anderen verdiept.","Serce, które nigdy nie zapomina o wdzięczności i pogłębia więzi z innymi.","Et hjerte som aldri glemmer takknemlighet og fordjuper båndene til andre.","Szív, amely sosem felejti el a hálát, és elmélyíti a másokkal való kötelékeket.","לב שאינו שוכח תודה לעולם ומעמיק את הקשרים עם אחרים.","Сердце, которое никогда не забывает благодарность и углубляет связи с другими.","Širdis, niekada nepamirštanti dėkingumo ir gilinanti ryšius su kitais."
"最","最善を尽くし、頂点を目指す力","The power to give one’s best and aim for the summit.","El poder de dar lo mejor de uno mismo y apuntar a la cima.","La force de donner le meilleur de soi et de viser le sommet.","Die Kraft, sein Bestes zu geben und nach dem Gipfel zu streben.","Il potere di dare il massimo e mirare alla vetta.","Ang kapangyarihang ibigay ang buong makakaya at tumungo sa tugatog.","O poder de dar o seu melhor e mirar o topo.","Elinden gelenin en iyisini vermek ve zirveye ulaşmayı hedefleyen güç.","القوة لبذل أقصى ما في الوسع واستهداف القمة.","Kraften att göra sitt yttersta och sikta mot toppen.","De kracht om je uiterste best te doen och naar de top te streven.","Siła, by dawać z siebie wszystko i sięgać po szczyt.","Kraften til å yte sitt beste og sikte mot toppen.","Az erő, hogy a legtöbbet adjuk magunkból és a csúcsot célozzuk meg.","הכוח לתת את המיטב ולשאוף אל הפסגה.","Сила делать всё возможное и стремиться к вершине.","Galia daryti viską, kas įmanoma, ir siekti viršūnės."
"我","自分を大切にし、主体性を持つ心","A heart that values itself and embraces autonomy.","Un corazón que se valora a sí mismo y abraza la autonomía.","Un cœur qui se valorise et embrasse son autonomie.","Ein Herz, das sich selbst wertschätzt und Eigenständigkeit annimmt.","Un cuore che dà valore a sé stesso e abbraccia l’autonomia.","Pusong marunong pahalagahan ang sarili at yakapin ang pagiging makapagpasya.","Um coração que se valoriza e abraça a própria autonomia.","Kendini değerli gören ve özerkliğini benimseyen bir kalp.","قلب يقدّر نفسه ويعتنق الاستقلالية.","Ett hjärta som värdesätter sig självt och omfamnar självständighet.","Een hart dat zichzelf waardeert en zijn eigen autonomie omarmt.","Serce, które ceni siebie i przyjmuje autonomię.","Et hjerte som verdsetter seg selv og omfavner autonomi.","Szív, amely értékeli önmagát, és elfogadja saját önállóságát.","לב המעריך את עצמו ומאמץ אוטונומיה.","Сердце, которое ценит себя и принимает свою самостоятельность.","Širdis, vertinanti save ir priimanti savo savarankiškumą."
"御","尊きものを敬い、礼を尽くす精神","A spirit that honors the sacred and shows respect.","Un espíritu que honra lo sagrado y muestra respeto.","Un esprit qui honore le sacré et fait preuve de respect.","Ein Geist, der das Heilige ehrt und Respekt zeigt.","Uno spirito che onora il sacro e mostra rispetto.","Isang diwa na iginagalang ang banal at nagpapakita ng paggalang.","Um espírito que honra o sagrado e demonstra respeito.","Kutsalı onurlandıran ve saygı gösteren bir ruh.","روح تكرّم المقدّس وتُظهر الاحترام.","En ånd som hedrar det heliga och visar respekt.","Een geest die het heilige eert en respect toont.","Duch, który czci to, co święte, i okazuje szacunek.","En ånd som ærer det hellige og viser respekt.","Lélek, amely tiszteli a szentet és tiszteletet tanúsít.","רוח המכבדת את הקדוש ומפגינה כבוד.","Дух, который почитает святое и проявляет уважение.","Dvasia, gerbianti šventumą ir rodanti pagarbą."
"希","一緒にいるだけで希望が湧いてきて、未来を照らす光","Simply being together brings hope and illuminates the future.","Simplemente al estar juntos surge la esperanza y se ilumina el futuro.","Le simple fait d’être ensemble fait naître l’espoir et éclaire l’avenir.","Allein das Zusammensein lässt Hoffnung entstehen und erhellt die Zukunft.","Il semplice stare insieme fa nascere la speranza e illumina il futuro.","Sa simpleng magkasama, sumisibol ang pag-asa at nagliliwanag ang kinabukasan.","O simples fato de estarem juntos faz nascer a esperança e ilumina o futuro.","Sadece birlikte olmak bile umudu doğurur ve geleceği aydınlatır.","مجرد كوننا معًا يولّد الأمل ويضيء المستقبل.","Bara genom att vara tillsammans väcks hoppet och framtiden lyses upp.","Alleen al door samen te zijn ontstaat er hoop en wordt de toekomst verlicht.","Samo bycie razem budzi nadzieję i rozświetla przyszłość.","Bare det å være sammen vekker håp og lyser opp framtiden.","Már a puszta együttlét is reményt szül és beragyogja a jövőt.","עצם ההיות יחד מעורר תקווה ומאיר את העתיד.","Свет желаний, приносящий надежду в будущее.","Norų šviesa, teikianti viltį ateičiai."
"武","日本の侍のように、勇気と力を持ち、正義を守る精神","A spirit like a Japanese samurai, with courage and strength to uphold justice.","Un espíritu como el de un samurái japonés, con valor y fuerza para defender la justicia.","Un esprit semblable à celui d’un samouraï japonais, avec le courage et la force de défendre la justice.","Ein Geist wie der eines japanischen Samurai, mit Mut und Stärke, um die Gerechtigkeit zu wahren.","Uno spirito simile a quello di un samurai giapponese, con coraggio e forza per difendere la giustizia.","Isang diwang tulad ng samurai ng Japan, may tapang at lakas upang ipagtanggol ang katarungan.","Um espírito como o de um samurai japonês, com coragem e força para defender a justiça.","Adaleti koruyacak cesaret ve güce sahip, Japon samurayına benzer bir ruh.","روح تشبه روح السامورאי الياباني، تملك الشجاعة والقوة لحماية العدالة.","En ande lik en japansk samuraj, med mod och kraft att upprätthålla rättvisan.","Een geest als die van een Japanse samoerai, met moed en kracht om de rechtvaardigheid te verdedigen.","Duch niczym japoński samuraj, z odwagą i siłą, by strzec sprawiedliwości.","En ånd lik en japansk samurai, med mot og styrke til å verne om rettferdighet.","Lélek, amely olyan, mint egy japán szamurájé, bátorsággal és erővel az igazság védelmére.","רוח הדומה לסמוראי יפני, בעלת אומץ וכוח להגן על הצדק.","Дух, подобный японскому самураю, с мужеством и силой отстаивать справедливость.","Dvasia, panaši į japonų samurajų, turinti drąsos ir jėgos ginti teisingumą."
"派","流れを生み、人々を導く影響力","The influence that creates flow and guides people.","La influencia que crea movimiento y guía a las personas.","L’influence qui crée un mouvement et guide les gens.","Der Einfluss, der Bewegung schafft und Menschen leitet.","L’influenza che crea un flusso e guida le persone.","Ang impluwensyang lumilikha ng daloy at gumagabay sa mga tao.","A influência que cria fluxo e orienta as pessoas.","Akış oluşturan ve insanlara yön veren etki.","التأثير الذي يخلق تدفّقًا ويهدي الناس.","Det inflytande som skapar ett flöde och leder människor.","De invloed die een stroom creëert en mensen leidt.","Wpływ, który tworzy przepływ i prowadzi ludzi.","Den innflytelsen som skaper flyt og leder mennesker.","Az a befolyás, amely áramlást teremt és irányítja az embereket.","ההשפעה היוצרת זרימה ומכוונת אנשים.","Влияние, которое создаёт движение и направляет людей.","Įtaka, kurianti judėjimą ir nukreipianti žmones."
"運","運命を受け入れ、幸運を自らの行動で導く力","The power to accept destiny and guide fortune through one’s actions.","El poder de aceptar el destino y encaminar la fortuna a través de las propias acciones.","La force d’accepter son destin et d’orienter la chance par ses propres actes.","Die Kraft, das Schicksal anzunehmen und das Glück durch eigenes Handeln zu lenken.","La forza di accettare il destino e guidare la fortuna attraverso le proprie azioni.","Ang kapangyarihang tanggapin ang kapalaran at hubugin ang suwerte sa pamamagitan ng sariling gawa.","A força de aceitar o destino e conduzir a sorte por meio das próprias ações.","Kaderi kabul edip kendi eylemleriyle şansını yönlendirme gücü.","القوة لقبول القدر وتوجيه الحظ من خلال الأفعال الشخصية.","Kraften att acceptera sitt öde och styra lyckan genom egna handlingar.","De kracht om het lot te aanvaarden en het geluk te sturen door eigen daden.","Siła, by przyjąć przeznaczenie i kierować szczęściem poprzez własne działania.","Kraften til å akseptere skjebnen og styre lykken gjennom egne handlinger.","Az erő, hogy elfogadjuk a sorsot, és tetteinken keresztül irányítsuk a szerencsét.","הכוח לקבל את הגורל ולהכווין את המזל באמצעות המעשים שלך.","Судьба и удача, приносящие новые возможности.","Likimas ir sėkmė, teikiantys naujų galimybių."
"影","光があるからこそ存在し、静かに深みを添える存在","A presence that exists because of light, quietly adding depth.","Una presencia que existe gracias a la luz, aportando profundidad en silencio.","Une présence qui existe grâce à la lumière, ajoutant discrètement de la profondeur.","Eine Präsenz, die durch das Licht existiert und leise Tiefe verleiht.","Una presenza che esiste grazie alla luce, aggiungendo silenziosamente profondità.","Isang presensya na umiiral dahil sa liwanag, tahimik na nagdaragdag ng lalim.","Uma presença que existe por causa da luz, adicionando profundidade silenciosamente.","Işık sayesinde var olan, sessizce derinlik katan bir varlık.","وجود حي بفضل الضوء، يضيف عمقاً في صمت.","En närvaro som existerar tack vare ljuset och tyst tillför djup.","Een aanwezigheid die bestaat dankzij het licht en stilletjes diepgang toevoegt.","Obecność, która istnieje dzięki światłu, po cichu dodając głębi.","Et nærvær som eksisterer på grunn av lyset, og som stille tilfører dybde.","A fény miatt létező jelenlét, amely csendben mélységet ad.","נוכחות הקיימת בזכות האור, מוסיפה עומק בשקט.","Присутствие, существующее благодаря свету, тихо добавляющее глубины.","Buvimas, kuris egzistuoja dėl šviesos, tyliai suteikiantis gylio."
"焔","情熱が静かに燃え上がり、心を温め、道を照らす力","A power where passion quietly burns, warming the heart and lighting the way.","Un poder donde la pasión arde en silencio, calentando el corazón e iluminando el camino.","Une puissance où la passion brûle silencieusement, réchauffant le cœur et éclairant le chemin.","Eine Kraft, in der Leidenschaft leise brennt, das Herz erwärmt und den Weg weist.","Un potere in cui la passione brucia silenziosamente, scaldando il cuore e illuminando la via.","Isang kapangyarihan kung saan ang hilig ay tahimik na nag-aalab, nagpapainit sa puso at nagbibigay-liwanag sa daan.","Um poder onde a paixão queima silenciosamente, aquecendo o coração e iluminando o caminho.","Tutkunun sessizce yandığı, kalbi ısıtan ve yolu aydınlatan bir güç.","قوة يشتعل فيها الشغف بصمت، ليدفئ القلب وينير الدرب.","En kraft där passion brinner tyst, värmer hjärtat och lyser upp vägen.","Een kracht waarin passie stilletjes brandt, het hart verwarmt en de weg verlicht.","Moc, w której pasja pali się po cichu, rozgrzewając serce i oświetlając drogę.","En kraft der lidenskap brenner stille, varmer hjertet og lyser opp veien.","Erő, amelyben a szenvedély csendben ég, melengeti a szívet és megvilágítja az utat.","כוח שבו התשוקה בוערת בשקט, מחממת את הלב ומאירה את הדרך.","Сила, в которой тихо горит страсть, согревая сердце и освещая путь.","Galia, kurioje aistra tyliai dega, šildanti širdį ir apšviečianti kelią."
"剣","自らの信念を研ぎ澄ませ、切り開く意志の象徴","A symbol of the will to sharpen one's beliefs and carve a path.","Un símbolo de la voluntad de agudizar las propias creencias y forjar un camino.","Un symbole de la volonté d'aiguiser ses convictions et de tracer sa voie.","Ein Symbol des Willens, die eigenen Überzeugungen zu schärfen und einen Weg zu bahnen.","Un simbolo della volontà di affilare le proprie convinzioni e tracciare un sentiero.","Isang simbolo ng kagustuhang patalasin ang sariling paniniwala at bumuo ng landas.","Um símbolo da vontade de aprimorar as próprias crenças e trilhar um caminho.","İnançları keskinleştirme ve bir yol açma iradesinin sembolü.","رمز للإرادة لصقل المعتقدات وشق الطريق.","En symbol för viljan att slipa sina övertygelser och bana väg.","Een symbool van de wil om je overtuigingen aan te scherpen en een weg te banen.","Symbol woli szlifowania własnych przekonań i wyrąbywania drogi.","Et symbol på viljen til å slipe sin overbevisning og bane vei.","A hit megélezésére és az út kivágására irányuló akarat szimbóluma.","סמל לרצון לחדד את האמונות ולסלול דרך.","Символ воли оттачивать свои убеждения и прокладывать путь.","Tikėjimo aštrinimo ir kelio tiesimo valios simbolis."
"雷","一瞬の閃光が闇を切り裂き、新たな時代を告げる目覚めの力","An awakening power where a single flash tears through the darkness, announcing a new era.","Un poder de despertar donde un solo destello rasga la oscuridad, anunciando una nueva era.","Une force d'éveil où un simple éclair déchire l'obscurité, annonçant une ère nouvelle.","Eine erwachende Kraft, in der ein einziger Blitz die Dunkelheit durchbricht und eine neue Ära ankündigt.","Un potere di risveglio in cui un singolo lampo squarcia l'oscurità, annunciando una nuova era.","Isang kapangyarihan ng paggising kung saan ang isang kislap ay lumalaslas sa dilim, nagpapahayag ng bagong panahon.","Um poder de despertar onde um único clarão rasga a escuridão, anunciando uma nova era.","Tek bir parlamanın karanlığı yırtıp geçtiği ve yeni bir çağı müjdelediği bir uyanış gücü.","قوة يقظة حيث يخترق وميض واحد الظلام، معلناً عن عصر جديد.","En väckarkraft där en enda blixt sliter genom mörkret och förkunnar en ny era.","Een ontwakende kracht waarin een enkele flits de duisternis doorklieft en een nieuw tijdperk aankondigt.","Budząca moc, w której pojedynczy błysk rozdziera ciemność, zapowiadając nową erę.","En oppvåkningskraft der ett enkelt glimt river gjennom mørket og kunngjør en ny æra.","Ébresztő erő, ahol egyetlen villanás hasít át a sötétségen, új korszakot hirdetve.","כוח התעוררות שבו הבזק בודד קורע את החשכה, ומכריז על עידן חדש.","Пробуждающая сила, в которой одна вспышка разрывает тьму, возвещая о новой эре.","Pabudimo galia, kai vienas blyksnis perplėšia tamsą, paskelbdamas naują erą."
"翼","自由を愛し、理想の空へと高く羽ばたく精神","A spirit that loves freedom and soars high into the sky of ideals.","Un espíritu que ama la libertad y se eleva hacia el cielo de los ideales.","Un esprit qui aime la liberté et s'envole haut dans le ciel des idéaux.","Ein Geist, der die Freiheit liebt und hoch in den Himmel der Ideale aufsteigt.","Uno spirito che ama la libertà e vola alto nel cielo degli ideali.","Isang diwa na nagmamahal sa kalayaan at pumapaimbulog sa himpapawid ng mga mithiin.","Um espírito que ama a liberdade e voa alto no céu dos ideais.","Özgürlüğü seven ve ideallerin gökyüzünde yükseklere süzülen bir ruh.","روح تحب الحرية وتحلق عالياً في سماء المثاليات.","En ande som älskar frihet och svävar högt upp i idealens himmel.","Een geest die van vrijheid houdt en hoog in de hemel van idealen zweeft.","Duch kochający wolność i wznoszący się wysoko w niebo ideałów.","En ånd som elsker frihet og svever høyt inn i idealenes himmel.","A szabadságot szerető lélek, amely magasra száll az eszmények egébe.","רוח האוהבת חופש וממריאה גבוה אל שמי האידיאלים.","Дух, любящий свободу и парящий высоко в небе идеалов.","Siela, kuri myli laisvę ir kyla aukštai į idealų dangų."
"鋼","何度打たれても折れない、強靭な心と意志の象徴","A symbol of a resilient heart and will that never breaks, no matter how many times it is struck.","Un símbolo de un corazón y una voluntad resilientes que nunca se quiebran, por muchas veces que sean golpeados.","Le symbole d'un cœur et d'une volonté résilients qui ne se brisent jamais, quel que soit le nombre de coups reçus.","Ein Symbol für ein widerstandsfähiges Herz und einen Willen, der niemals bricht, egal wie oft man darauf einschlägt.","Simbolo di un cuore e di una volontà resilienti che non si spezzano mai, non importa quante volte siano colpiti.","Simbolo ng matatag na puso at kagustuhang hindi kailanman mababali, gaano man karaming beses ito tamaan.","Um símbolo de um coração e vontade resilientes que nunca se quebram, não importa quantas vezes sejam atingidos.","Kaç kez darbe alırsa alsın asla kırılmayan dayanıklı bir kalp ve iradenin sembolü.","رمز لقلب وإرادة مرنة لا تكسر أبداً، مهما بلغت الضربات.","En symbol för ett motståndskraftigt hjärta och en vilja som aldrig går sönder, oavsett hur många gånger den träffas.","Een symbool van een veerkrachtig hart en een wil die nooit breekt, hoe vaak deze ook wordt getroffen.","Symbol odpornego serca i woli, która nigdy się nie łamie, bez względu na to, ile razy zostanie uderzona.","Et symbol på et motstandsdyktig hjerte og en vilje som aldri brister, uansett hvor mange ganger den blir truffet.","A rugalmas szív és akarat szimbóluma, amely soha nem törik meg, akármennyi ütést is kap.","סמל ללב ולרצון עמידים שלעולם אינם נשברים, לא משנה כמה פעמים יוכו.","Символ стойкого сердца и воли, которые никогда не сломятся, сколько бы ударов по ним ни наносили.","Atsparios širdies ir valios simbolis, kuris niekada nesulūžta, kad ir kiek kartų būtų daužomas."
"忍","影にありて機を待ち、静かに、しかし確実に目的を成し遂げる心","A heart that stays in shadows waiting for the chance, accomplishing goals quietly but surely.","Un corazón que permanece en las sombras esperando la oportunidad, logrando metas de forma silenciosa pero segura.","Un cœur qui reste dans l'ombre en attendant sa chance, atteignant ses objectifs discrètement mais sûrement.","Ein Herz, das im Schatten auf seine Chance wartet und seine Ziele leise, aber sicher erreicht.","Un cuore che resta nell'ombra in attesa dell'opportunità, raggiungendo i propri obiettivi silenziosamente ma con fermezza.","Isang pusong nananatili sa mga anino naghihintay ng pagkakataon, tahimik ngunit tiyak na nakakamit ang mga layunin.","Um coração que permanece nas sombras esperando a chance, realizando objetivos silenciosa mas firmemente.","Gölgede kalarak fırsat bekleyen, hedeflere sessiz ama emin adımlarla ulaşan bir kalp.","قلب يظل في الظلال في انتظار الفرصة، محققاً أهدافه بصمت وبكل تأكيد.","Ett hjärta som stannar i skuggorna och väntar på chansen, och uppnår mål tyst men säkert.","Een hart dat in de schaduwen blijft wachten op de kans, en doelen stilletjes maar zeker bereikt.","Serce, które pozostaje w cieniu, czekając na szansę, cicho, lecz pewnie osiągając cele.","Et hjerte som blir værende i skyggene for å vente på sjansen, og når sine mål stille, men sikkert.","A szív, amely az árnyékban várja a lehetőséget, csendben, de biztosan érve el céljait.","לב השוכן בצללים ומחכה להזדמנות, מגשים מטרות בשקט אך בביטחון.","Сердце, которое остается в тени, ожидая шанса, бесшумно, но верно достигая целей.","Širdis, kuri lieka šešėlyje laukdama progos, tyliai, bet užtikrintai pasiekianti tikslus."
"暁","長い夜が明け、希望の光が世界を包み込む瞬間の象徴","A symbol of the moment when the long night ends and hope envelops the world.","Un símbolo del momento en que la larga noche termina y la esperanza envuelve al mundo.","Le symbole du moment où la longue nuit prend fin et où l'espoir enveloppe le monde.","Ein Symbol für den Moment, in dem die lange Nacht endet und die Hoffnung die Welt einhüllt.","Un simbolo del momento in cui la lunga notte finisce e la speranza avvolge il mondo.","Simbolo ng sandali kung kailan natatapos ang mahabang gabi at ang pag-asa ay bumabalot sa mundo.","Um símbolo do momento em que a longa noite termina e a esperança envolve o mundo.","Uzun gecenin bittiği ve umudun dünyayı sarmaladığı anın sembolü.","رمز للحظة التي ينتهي فيها الليل الطويل وتغلف فيها الأمل العالم.","En symbol för ögonblicket då den långa natten tar slut och hoppet omsluter världen.","Een symbool van het moment waarop de lange nacht eindigt en hoop de wereld omhult.","Symbol momentu, w którym kończy się długa noc, a nadzieja ogarnia świat.","Et symbol på øyeblikket når den lange natten tar slutt og håpet omslutter verden.","Annak a pillanatnak a szimbóluma, amikor véget ér a hosszú éjszaka, és remény öleli körül a világot.","סמל לרגע שבו הלילה הארוך מסתיים והתקווה עוטפת את העולם.","Символ момента, когда заканчивается долгая ночь и надежда окутывает мир.","Simbolis to momento, kai baigiasi ilga naktis ir viltis apgaubia pasaulį."
"絆","時を越えて心と心をつなぎ、決して解けない強い結びつき","A strong tie that connects hearts across time, never to be unraveled.","Un vínculo fuerte que conecta los corazones a través del tiempo, para no deshacerse nunca.","Un lien puissant qui unit les cœurs par-delà le temps, à ne jamais dénouer.","Ein starkes Band, das die Herzen über die Zeit hinweg verbindet und niemals gelöst werden kann.","Un forte legame che connette i cuori nel tempo, destinato a non essere mai sciolto.","Isang malakas na ugnayang nagbubuklod sa mga puso sa paglipas ng panahon, na hindi kailanman makkakalag.","Um laço forte que une os corações através do tempo, para nunca ser desfeito.","Kalpleri zamanın ötesinde birbirine bağlayan, asla çözülmeyecek güçlü bir bağ.","رابط قوي يربط القلوب عبر الزمن، لا ينفك أبداً.","Ett starkt band som knyter hjärtan samman över tid och aldrig kan lösas upp.","Een sterke band die harten door de tijd heen verbindt en nooit ontrafelt.","Silna więź, która łączy serca na przestrzeni czasu, nigdy nie do zerwania.","Et sterkt bånd som knytter hjerter sammen gjennom tiden, og som aldri kan løses opp.","Erős kötelék, amely szívtől szívig kapcsolódik az időn át, és soha nem bomlik ki.","קשר חזק המחבר לבבות לאורך זמן, שלעולם אינו נפרם.","Крепкая связь, объединяющая сердца сквозь время, которую невозможно разрушить.","Stiprus ryšys, jungiantis širdis per laiką, niekada neišardomas."
"魂","命の根源に宿る不滅の輝き、自らの証を刻む力","An immortal radiance dwelling at the root of life, the power to carve one's legacy.","Un resplandor inmortal que reside en la raíz de la vida, el poder de forjar el propio legado.","Un éclat immortel niché à la source de la vie, la force de graver son propre héritage.","Ein unsterblicher Glanz, der an der Wurzel des Lebens wohnt, die Kraft, das eigene Erbe zu gestalten.","Un bagliore immortale radicato nell'essenza della vita, il potere di scolpire la propria eredità.","Isang walang hanggang liwanag na nananahan sa ugat ng buhay, ang kapangyarihang mag-iwan ng sariling pamana.","Um brilho imortal residindo na raiz da vida, o poder de esculpir o próprio legado.","Hayatın kökünde yaşayan ölümsüz bir parıltı, kişinin kendi mirasını kazıma gücü.","بريق خالد يسكن في أصل الحياة، قوة لنحت إرث المرء.","En odödlig glans som vilar vid livets rot, kraften att rista in sitt arv.","Een onsterfelijke glans die rust aan de wortel van het leven, de kracht om je eigen nalatenschap vorm te geven.","Nieśmiertelny blask zamieszkujący korzenie życia, moc kształtowania własnego dziedzictwa.","En udødelig glans som dveler ved livets rot, kraften til å prege sin egen arv.","Halhatatlan ragyogás az élet gyökerében, az erő, amellyel valaki megalkotja saját örökségét.","זוהר בן אלמוות השוכן בשורש החיים, הכוח לחרוט את מורשתך.","Бессмертное сияние, обитающее в корнях жизни, сила запечатлеть свое наследие.","Nemirtingas švytėjimas, tūnantis gyvenimo šaknyse, galia iškalti savo palikimą."
"虎","孤高に立ち、勇猛果敢に自らの道を突き進む力","The power to stand solitary and push forward on one's own path with brave determination.","El poder de mantenerse en soledad y avanzar por el propio camino con valiente determinación.","La force de se tenir seul et d'aller de l'avant sur sa propre voie avec une détermination courageuse.","Die Kraft, einsam zu stehen und mit tapferer Entschlossenheit auf dem eigenen Weg voranzuschreiten.","Il potere di stare da soli e procedere sul proprio cammino con coraggiosa determinazione.","Ang kapangyarihang tumayo nang nag-iisa at sumulong sa sariling landas nang may matapang na determinasyon.","O poder de permanecer solitário e avançar no próprio caminho com determinação corajosa.","Yalnız başına durma ve cesur bir kararlılıkla kendi yolunda ilerleme gücü.","قوة الوقوف منفرداً والمضي قدماً في طريق المرء بعزيمة شجاعة.","Kraften att stå ensam och gå vidare på sin egen väg med orädd beslutsamhet.","De kracht om eenzaam te staan en met moedige vastberadenheid je eigen weg te vervolgen.","Moc samodzielnego trwania i kroczenia własną drogą z odważną determinacją.","Kraften til å stå ensom og gå videre på sin egen vei med modig besluttsomhet.","Az erő, amellyel valaki magányosan megállva, bátor elszántsággal tör előre saját útján.","הכוח לעמוד בודד ולפרוץ קדימה בדרכך עם נחישות אמיצה.","Сила стоять в одиночестве и продвигаться по собственному пути с отважной решимостью.","Galia stovėti vienam ir drąsiai užsispyrus judėti į priekį savo keliu."
"幻","儚くも美しい夢を見せ、人々の想像力を掻き立てる存在","A presence that shows fleeting yet beautiful dreams, stirring imagination.","Una presencia que muestra sueños fugaces pero hermosos, despertando la imaginación.","Une présence qui montre des rêves éphémères mais beaux, stimulant l'imagination.","Eine Präsenz, die flüchtige, aber schöne Träume zeigt und die Fantasie anregt.","Una presenza che mostra sogni fugaci ma bellissimi, stimolando l'immaginazione.","Isang presensya na nagpapakita ng panandalian ngunit magagandang panaginip, na pumupukaw sa imahinasyon.","Uma presença que mostra sonhos fugazes mas belos, estimulando a imaginação.","Geçici ama güzel rüyalar gösteren, hayal gücünü harekete geçiren bir varlık.","وجود يُظهر أحلاماً عابرة ولكنها جميلة، مما يثير الخيال.","En närvaro som visar flyktiga men vackra drömmar och väcker fantasin.","Een aanwezigheid die vluchtige maar mooie dromen toont en de verbeelding prikkelt.","Obecność, która ukazuje ulotne, lecz piękne sny, pobudzając wyobraźnię.","Et nærvær som viser flyktige, men vakre drømmer, og som vekker fantasien.","Jelenlét, amely mulandó, de szép álmokat mutat meg, felkeltve a képzeletet.","נוכחות המציגה חלומות חולפים אך יפים, ומעוררת את הדמיון.","Присутствие, которое показывает мимолетные, но прекрасные сны, будоража воображение.","Buvimas, kuris parodo trumpalaikius, bet gražius sapnus, žadinantis vaizduotę."
"冥","静かな闇の中に深淵な知恵を湛え、真理を見通す精神","A spirit brimming with deep wisdom within quiet darkness, seeing through to the truth.","Un espíritu rebosante de profunda sabiduría en medio de una oscuridad silenciosa, que ve la verdad.","Un esprit débordant d'une profonde sagesse au cœur d'une obscurité silencieuse, voyant à travers la vérité.","Ein Geist voller tiefer Weisheit in stiller Dunkelheit, der die Wahrheit erkennt.","Uno spirito carico di profonda saggezza nel buio silenzioso, capace di vedere la verità.","Isang diwang puno ng malalim na karunungan sa loob ng tahimik na kadiliman, nakakakita sa katotohanan.","Um espírito transbordando de sabedoria profunda na escuridão silenciosa, vendo através da verdade.","Sessiz karanlığın içinde derin bilgelikle dolu olan, gerçeği görebilen bir ruh.","روح تفيض بالحكمة العميقة وسط ظلام هادئ، ترى بوضوح إلى الحقيقة.","En ande som sjuder av djup visdom i det tysta mörkret och ser igenom till sanningen.","Een geest boordevol diepe wijsheid in stille duisternis, die doorziet tot de waarheid.","Duch przepełniony głęboką mądrością w cichej ciemności, dostrzegający prawdę.","En ånd som fylles av dyp visdom i det stille mørket, og ser igjennom til sannheten.","Mély bölcsességgel teli lélek a csendes sötétségben, amely átlát az igazságig.","רוח מלאה בחוכמה עמוקה בתוך חשכה שקטה, הרואה מבעד אל האמת.","Дух, преисполненный глубокой мудрости в тихой темноте, прозревающий истину.","Siela, kupina gilios išminties tylioje tamsoje, regianti tiesą."
"極","ひとつの道を究め、至高の領域へと到達する力","The power to master a single path and reach the realm of the supreme.","El poder de dominar un solo camino y alcanzar el reino de lo supremo.","La force de maîtriser une seule voie et d'atteindre le domaine du suprême.","Die Kraft, einen einzigen Weg zu meistern und das Reich des Höchsten zu erreichen.","Il potere di padroneggiare un unico cammino e raggiungere il regno del supremo.","Ang kapangyarihang magpakadalubhasa sa isang landas at marating ang rurok ng kataas-taasang antas.","O poder de dominar um único caminho e alcançar o reino do supremo.","Tek bir yolda ustalaşma ve yüce aleme ulaşma gücü.","قوة إتقان طريق واحد والوصول إلى عالم السمو.","Kraften att bemästra en enda väg och nå de högsta domänerna.","De kracht om een enkel pad te beheersen en het rijk van het opperste te bereiken.","Moc opanowania jednej drogi i dotarcia do sfery doskonałości.","Kraften til å mestre en enkelt vei og nå det høyeste nivået.","Az erő, amellyel valaki egyetlen utat mesterfokon űzve eléri a legmagasabb szintet.","הכוח לשלוט בדרך אחת ולהגיע לממלכת הנעלה.","Сила освоить один единственный путь и достичь высшего уровня развития.","Galia įvaldyti vieną kelią ir pasiekti aukščiausią sritį."
"零","すべてを一度無に帰し、新たな可能性を生み出す始まりの象徴","A symbol of the beginning that returns everything to nothing once, giving birth to new possibilities.","Un símbolo del comienzo que vuelve a dejar todo en nada una vez, dando origen a nuevas posibilidades.","Un symbole du commencement qui ramène tout à zéro pour faire naître de nouvelles possibilités.","Ein Symbol für den Anfang, der alles einmal ins Nichts zurückführt und neue Möglichkeiten gebiert.","Simbolo dell'inizio che riporta tutto al nulla una volta, dando vita a nuove possibilità.","Isang simbolo ng panimula na ibinabalik ang lahat sa wala, nagbibigay-daan sa mga bagong posibilidad.","Um símbolo do começo que retorna tudo ao nada uma vez, dando origem a novas possibilidades.","Her şeyi bir kez daha sıfıra döndüren ve yeni olasılıklar doğuran başlangıcın sembolü.","رمز للبداية التي تعيد كل شيء إلى العدم مرة واحدة، وتفتح آفاقاً جديدة من الإمكانات.","En symbol för början som återställer allt till intet en gång, och föder nya möjligheter.","Een symbool van het begin dat alles eenmaal tot nul terugbrengt en nieuwe mogelijkheden voortbrengt.","Symbol początku, który raz zwraca wszystko nicości, dając życie nowym możliwościom.","Et symbol på begynnelsen som nullstiller alt for å gi rom for nye muligheter.","A kezdet szimbóluma, amely mindent egyszer nullára állít vissza, új lehetőségeknek adva teret.","סמל להתחלה שמחזירה הכל לאפס פעם אחת, ומולידה אפשרויות חדשות.","Символ начала, которое возвращает все к нулю, порождая новые возможности.","Pradžios simbolis, kuris viską vieną kartą sugrąžina į nieką, suteikdamas gyvybę naujoms galimybėms."
"銀","派手さはないが、静かに気高く輝き続ける意志","A will that shines quietly and nobly, without being flashy.","Una voluntad que brilla de forma silenciosa y noble, sin ser llamativa.","Une volonté qui brille discrètement et noblement, sans être éclatante.","Ein Wille, der leise und edel strahlt, ohne auffällig zu sein.","Una volontà che splende silenziosamente e nobilmente, senza dare nell'occhio.","Isang kagustuhang tahimik at marangal na nagniningning nang hindi mapagpasikat.","Uma vontade que brilha silenciosa e nobremente, sem ser chamativa.","Gösterişli olmadan, sessizce ve asaletle parlamaya devam eden bir irade.","إرادة تشع بصمت ونبالة، دون تكلف أو تباهٍ.","En vilja som lyser tyst och ädelt, utan att vara prålig.","Een wil die stilletjes en nobel straalt, zonder opzichtig te zijn.","Wola, która lśni cicho i szlachetnie, nie będąc krzykliwą.","En vilje som skinner stille og edelt, uten å være storslått.","Akarat, amely csendben és nemesen ragyog, feltűnés mentesen.","רצון הזורח בשקט ובאצילות, מבלי להיות נוצץ.","Воля, которая светит тихо и благородно, не будучи кричащей.","Valia, kuri tyliai ir kilniai šviečia, nebūdama rėksminga."
"士","礼節を重んじ、高潔な志を持って生きる人の誇り","The pride of a person who values courtesy and lives with noble aspirations.","El orgullo de una persona que valora la cortesía y vive con nobles aspiraciones.","La fierté d'une personne qui valorise la politesse et vit avec de nobles aspirations.","Der Stolz eines Menschen, der Höflichkeit schätzt und mit edlen Bestrebungen lebt.","L'orgoglio di una persona che valorizza la cortesia e vive con nobili aspirazioni.","Ang dangal ng isang taong nagpapahalaga sa kagandahang-asal at namumuhay nang may marangal na mithiin.","O orgulho de uma pessoa que valoriza a cortesia e vive com aspirações nobres.","Nezakete değer veren ve asil emellerle yaşayan bir insanın gururu.","فخر الشخص الذي يقدّر الكياسة ويعيش بطموحات نبيلة.","Stoltheten hos en person som värdesätter artighet och lever med ädla ambitioner.","De trots van iemand die beleefdheid waardeert en leeft met nobele ambities.","Duma osoby, która ceni uprzejmość i żyje ze szlachetnymi aspiracjami.","Stoltheten til en person som verdsetter høflighet og lever med edle ambisjoner.","Annak büszkesége, aki értékeli az udvariasságot, és nemes törekvésekkel éli életét.","גאוותו של אדם המוקיר נימוס וחי עם שאיפות נאצלות.","Гордость человека, который ценит вежливость и живет с благородными устремлениями.","Žmogaus, vertinančio mandagumą ir gyvenančio su kilniais siekiais, pasididžiavimas."
"迅","誰よりも速く駆け抜け、時代をリードする疾風の意志","The will of a swift wind that runs faster than anyone, leading the era.","La voluntad de un viento veloz que corre más rápido que nadie, liderando la época.","La volonté d'un vent impétueux qui court plus vite que quiconque, en tête de son époque.","Der Wille eines schnellen Windes, der schneller läuft als jeder andere und die Ära anführt.","La volontà di un vento impetuoso che corre più veloce di chiunque altro, guidando l'epoca.","Ang kagustuhan ng bibilis na hangin na tumatakbo nang mas mabilis kaysa sa sinuman, na namumuno sa panahon.","A vontade de um vento veloz que corre mais rápido do que qualquer pessoa, liderando a era.","Herkesden daha hızlı koşan ve çağa öncülük eden hızlı bir rüzgarın iradesi.","إرادة ريح سريعة تجري أسرع من أي شخص، لتقود العصر.","Viljan hos en snabb vind som löper snabbare än någon annan och leder eran.","De wil van een snelle wind die sneller rent dan wie dan ook en het tijdperk leidt.","Wola porywistego wiatru, który gna szybciej niż ktokolwiek inny, przewodząc epoce.","Viljen til en rask vind som løper raskere enn noen andre, og leder an i tiden.","A sebes szél akarata, amely mindenkinél gyorsabban fut, vezetve a korszakot.","רצונה של רוח סערה הרצה מהר יותר מכל אחד אחר, ומובילה את העידן.","Воля стремительного ветра, который мчится быстрее всех, возглавляя эпоху.","Greito vėjo, kuris bėga greičiau už visus, vesdamas erą, valia."
"煌","暗闇の中でひときわ眩しく、人々を惹きつける星のような輝き","A brilliance like a star that shines exceptionally bright in the darkness, attracting people.","Un brillo como el de una estrella que resplandece excepcionalmente en la oscuridad, atrayendo a las personas.","Un éclat tel celui d'une étoile qui brille d'un feu exceptionnel dans l'obscurité, attirant les foules.","Ein Glanz wie ein Stern, der in der Dunkelheit außergewöhnlich hell strahlt und Menschen anzieht.","Uno splendore simile a quello di una stella che brilla eccezionalmente nell'oscurità, attirando le persone.","Isang kislap na parang bituin na nagniningning nang husto sa dilim, na umaakit sa mga tao.","Um brilho como o de uma estreka que brilha excepcionalmente na escuridão, atraindo as pessoas.","Karanlıkta olağanüstü parlaklıkta parlayan ve insanları kendine çeken yıldız gibi bir parıltı.","بريق مثل النجم يسطع بلمعان استثنائي في الظلام، مما يجذب الناس.","En briljans likt en stjärna som lyser exceptionellt starkt i mörkret och lockar till sig människor.","Een schittering als een ster die uitzonderlijk helder schijnt in de duisternis en mensen aantrekt.","Blask niczym gwiazda, która świeci wyjątkowo jasnym światłem w ciemności, przyciągając ludzi.","En briljans som en stjerne som skinner eksepsjonelt sterkt i mørket, og som tiltrekker seg mennesker.","Csillagszerű ragyogás, amely rendkívül fényesen világít a sötétben, vonzva az embereket.","זוהר כשל כוכב הזורח בבהירות יוצאת דופן בחשכה, ומושך אליו אנשים.","Блеск, подобный звезде, которая исключительно ярко светит в темноте, привлекая людей.","Žvaigždės ryškumas, išskirtinai ryškiai šviečiantis tamsoje, pritraukiantis žmones."
"彗","刹那の輝きで夜空を横切り、人々に夢を届ける光の象徴","A symbol of light that crosses the night sky with a momentary brilliance, delivering dreams to people.","Un símbolo de luz que cruza el cielo nocturno con un brillo momentáneo, llevando sueños a las personas.","Un symbole de lumière qui traverse le ciel nocturne d'un éclat éphémère, apportant des rêves aux gens.","Ein Symbol des Lichts, das den Nachthimmel mit einem flüchtigen Glanz überquert und den Menschen Träume bringt.","Simbolo di luce che attraversa il cielo notturno con uno splendore momentaneo, portando sogni alle persone.","Isang sagisag ng liwanag na bumabagtas sa langit sa gabi nang may panandaliang kislap, nagdadala ng mga panaginip sa mga tao.","Um símbolo de luz que atravessa o céu noturno com um brilho momentâneo, entregando sonhos às pessoas.","Gece gökyüzünü anlık bir parlaklıkla geçen ve insanlara hayaller taşıyan ışığın sembolü.","رمز للضوء يعبر سماء الليل ببريق لحظي، يحمل الأحلام للناس.","En symbol för ljus som korsar natthimlen med en tillfällig briljans och ger drömmar till människor.","Een symbool van licht dat met een kortstondige schittering de nachtelijke hemel doorkruist en mensen dromen brengt.","Symbol światła, które przemierza nocne niebo z chwilowym blaskiem, niosąc ludziom sny.","Et symbol på lys som krysser nattehimmelen med en øyeblikkelig briljans, og bringer drømmer til folk.","A fény szimbóluma, amely pillanatnyi ragyogással szeli át az éjszakai eget, álmokat hozva az embereknek.","סמל של אור החוצה את שמי הלילה בזוהר רגעי, ומביא חלומות לאנשים.","Символ света, пересекающего ночное небо с мгновенным блеском, дарующий людям мечты.","Šviesos simbolis, akimirksnio ryškumu skrodžiantis nakties dangų, nešantis žmonėms svajones."
"蓮","泥の中から清らかな花を咲かせ、汚れなき心を守る証","A proof of protecting a pure heart, blooming a clean flower from the mud.","Una prueba de protección de un corazón puro, floreciendo una flor limpia del barro.","Une preuve de la protection d'un cœur pur, faisant éclore une fleur propre de la boue.","Ein Beweis für den Schutz eines reinen Herzens, das eine saubere Blume aus dem Schlamm erblühen lässt.","Una prova di protezione di un cuore puro, facendo sbocciare un fiore pulito dal fango.","Isang patunay ng pagprotekta sa isang malinis na puso, namumulaklak ng isang malinis na bulaklak mula sa putik.","Uma prova de proteger um coração puro, florescendo uma flor limpa da lama.","Çamurdan temiz bir çiçek açan, saf bir kalbi korumanın kanıtı.","دليل على حماية قلب نقي، يزهر زهرة نظيفة من الطين.","Ett bevis på att skydda ett rent hjärta, som blommar en ren blomma ur leran.","Een bewijs van het beschermen van een puur hart, dat een schone bloem uit de modder laat bloeien.","Dowód ochrony czystego serca, zakwitnięcie czystego kwiatu z błota.","Et bevis på å beskytte et rent hjerte, som blomstrer en ren blomst fra gjørmen.","A tiszta szív megőrzésének bizonyítéka, egy tiszta virág kinyílása a sárból.","הוכחה להגנה על לב טהור, פריחת פרח נקי מתוך הבוץ.","Доказательство защиты чистого сердца, расцветающий чистый цветок из грязи.","Tyros širdies apsaugos įrodymas, iš purvo pražystanti švari gėlė."
"碧","深い青や緑を湛え、透き通った誠実な心を持つ象徴","A symbol of having a clear and sincere heart, brimming with deep blue or green.","Símbolo de tener un corazón claro y sincero, rebosante de azul profundo o verde.","Le symbole d'un cœur clair et sincère, débordant de bleu profond ou de vert.","Ein Symbol für ein klares und aufrichtiges Herz, das von tiefem Blau oder Grün erfüllt ist.","Simbolo di un cuore limpido e sincero, colmo di blu profondo o verde.","Simbolo ng pagkakaroon ng malinaw at tapat na puso, na puno ng malalim na asul o berde.","Um símbolo de ter um coração claro e sincero, transbordando de azul profundo ou verde.","Derin mavi veya yeşil ile dolup taşan, berrak ve samimi bir kalbe sahip olmanın sembolü.","رمز لامتلاك قلب صافٍ ومخلص، يفيض باللون الأزرق أو الأخضر العميق.","En symbol för att ha ett klart och uppriktigt hjärta, fyllt av djupt blått eller grönt.","Een symbool van een helder en oprecht hart, boordevol diepblauw of groen.","Symbol posiadania czystego i szczerego serca, przepełnionego głębokim błękitem lub zielenią.","Et symbol på å ha et klart og oppriktig hjerte, fylt med dypblått eller grønt.","A tiszta és őszinte szív szimbóluma, amely mélykékkel vagy zölddel telített.","סמל ללב צלול וכנה, מלא בכחול עמוק או ירוק.","Символ чистого и искреннего сердца, наполненного глубоким синим или зеленым цветом.","Skaidrios ir nuoširdžios širdies simbolis, kupinas gilios mėlynos ar žalios spalvos."
"紬","ひとつひとつの縁を丁寧に紡ぎ、丈夫で美しい人生を織りなす心","A heart that carefully spins each connection and weaves a durable and beautiful life.","Corazón que hila cuidadosamente cada conexión y teje una vida duradera y hermosa.","Un cœur qui tisse soigneusement chaque lien et façonne una vie durable et belle.","Ein Herz, das jede Verbindung sorgfältig spinnt und ein dauerhaftes und schönes Leben webt.","Un cuore che tesse con cura ogni legame e intreccia una vita duratura e bellissima.","Isang pusong maingat na naghabi ng bawat koneksyon at nagbubuo ng isang matibay at magandang buhay.","Um coração que fia cuidadosamente cada conexão e tece uma vida duradoura e bela.","Her bir bağı özenle ören ve dayanıklı, güzel bir hayat dokuyan bir kalp.","قلب يغزل كل صلة بعناية وينسج حياة متينة وجميلة.","Ett hjärta som noggrant spinner varje förbindelse och väver ett hållbart och vackert liv.","Een hart dat elke connectie zorgvuldig spint en een duurzaam en mooi leven weeft.","Serce, które starannie przędzie każde połączenie i tka trwałe i piękne życie.","Et hjerte som nøye spinner hver forbindelse og vever et holdbart og vackert liv.","A szív, amely gondosan fon össze minden kapcsolatot, és tartós, szép életet sző.","לב הטווה בקפידה כל קשר ואורג חיים עמידים ויפים.","Сердце, которое тщательно прядет каждую связь и ткет прочную и прекрасную жизнь.","Širdis, kuri kruopščiai verpia kiekvieną ryšį ir audžia patvarų bei gražų gyvenimą."
"璃","宝石のような気品を放ち、決して曇ることのない清廉な輝き","A clean brilliance that never clouds, emitting jewel-like elegance.","Brillo limpio que nunca se empaña, emitiendo una elegancia similar a la de las joyas.","Un éclat pur qui ne se ternit jamais, dégageant une élégance digne d'un joyau.","Ein klarer Glanz, der niemals trübt und juwelenartige Eleganz ausstrahlt.","Una brillantezza pulita che non si appanna mai, emanando un'eleganza simile a quella dei gioielli.","Isang malinis na kaningningan na hindi kailanman lumalabo, na naglalabas ng mala-hiyas na kagandahan.","Um brilho limpo que nunca se embaça, emitindo uma elegância semelhante à de joias.","Asla bulanmayan temiz bir parlaklık, mücevher gibi bir zarafet yayan.","تألق نظيف لا يتكدر أبداً، يشع بأناقة تشبه الجواهر.","En ren glans som aldrig grumlas och utstrålar juvellik elegans.","Een schone schittering die nooit vertroebelt en juweelachtige elegantie uitstraalt.","Czysty blask, który nigdy nie mętnieje, emanując elegancją niczym klejnot.","En ren glans som aldri dveler, og utstråler juvelaktig eleganse.","Tiszta ragyogás, amely soha nem homályosodik el, ékszerszerű eleganciát sugározva.","זוהר נקי שמתעננן לעולם, המפיץ אלגנטיות דמוית תכשיט.","Чистый блеск, который никогда не тускнеет, излучая элегантность ювелирного украшения.","Švari spindesys, kuris niekada nesidrumsčia, skleidžiantis brangakmenio eleganciją."
"朔","月が新しく満ちるように、再生と新たな一歩を祝う心","A heart that celebrates rebirth and new steps, just as the moon waxes anew.","Corazón que celebra el renacimiento y los nuevos pasos, al igual que la luna se renueva.","Un cœur qui célèbre la renaissance et les nouveaux départs, tout comme la lune se renouvelle.","Ein Herz, das Wiedergeburt und neue Schritte feiert, so wie der Mond neu zunimmt.","Un cuore che celebra la rinascita e nuovi passi, proprio come la luna cresce di nuovo.","Isang pusong nagdiriwang ng muling pagsilang at mga bagong hakbang, tulad ng buwan na muling napupuno.","Um coração que celebra o renascimento e novos passos, assim como a lua cresce novamente.","Ayın yeniden dolunaya dönüşmesi gibi, yeniden doğuşu ve yeni adımları kutlayan bir kalp.","قلب يحتفل بالولادة الجديدة والخطوات الجديدة، تماماً كما يتزايد القمر من جديد.","Ett hjärta som firar pånyttfödelse och nya steg, precis som månen vaxar på nytt.","Een hart dat wedergeboorte en nieuwe stappen viert, net zoals de maan opnieuw wast.","Serce, które świętuje odrodzenie i nowe kroki, tak jak księżyc przybiera na nowo.","Et hjerte som feirer gjenfødelse og nye steg, akkurat som månen vokser på nytt.","A szív, amely az újjászületést és az új lépéseket ünnepli, ahogyan a hold újjászületik.","לב החוגג לידה מחדש וצעדים חדשים, כפי שהירח מתמלא מחדש.","Сердце, празднующее возрождение и новые шаги, точно так же, как луна прибывает заново.","Širdis, švenčianti atgimimą ir naujus žingsnius, kaip mėnulis iš naujo pilnėja."
"玲","澄み渡る玉の音のように、清らかで知的な響きを持つ心","A heart with a pure and intellectual resonance, like the sound of clear gems.","Corazón con una resonancia pura e intelectual, como el sonido de gemas claras.","Un cœur à la résonance pure et intellectuelle, tel le son de gemmes limpides.","Ein Herz mit einer reinen und intellektuellen Resonanz, wie der Klang klarer Edelsteine.","Un cuore con una risonanza pura e intellettuale, come il suono di gemme trasparenti.","Isang pusong may malinis at intelektwal na ugong, tulad ng tunog ng malilinaw na hiyas.","Um coração com uma ressonância pura e intelectual, como o som de gemas claras.","Berrak mücevherlerin sesi gibi, saf ve entelektüel bir yankısı olan bir kalp.","قلب ذو رنين نقي وفكري، مثل صوت الجواهر الصافية.","Ett hjärta med en ren och intellektuell resonans, som ljudet av klara ädelstenar.","Een hart met een pure en intellectuele resonantie, als het geluid van heldere edelstenen.","Serce o czystym i intelektualnym rezonansie, niczym dźwięk czystych klejnotów.","Et hjerte med en ren og intellektuell resonans, som lyden av klare edelstener.","Tiszta és intelektuális rezonanciájú szív, mint a tiszta drágakövek hangja.","לב בעל תהודה טהורה ואינטלקטואלית, כמו צליל של אבני חן צלולות.","Сердце с чистым и интеллектуальным резонансом, подобное звуку чистых драгоценных камней.","Širdis su tyru ir intelektualiu rezonansu, kaip skaidrių brangakmenių garsas."
"怜","研ぎ澄まされた知性と、落ち着いた優しさを持つ心","A heart with sharpened intellect and a calm, quiet kindness.","Corazón con intelecto agudizado y una amabilidad calma y silenciosa.","Un cœur à l'intelligence aiguisée et d'une gentillesse calme et discrète.","Ein Herz mit geschärftem Verstand und einer ruhigen, stillen Güte.","Un cuore con un intelletto affilato e una gentilezza calma e pacata.","Isang pusong may matalas na katalinuhan at isang mahinahon, tahimik na kabaitan.","Um coração com intelecto aguçado e uma gentileza calma e silenciosa.","Keskinleşmiş bir zeka ve sakin, sessiz bir iyiliğe sahip bir kalp.","قلب ذو ذكاء حاد ولطف هادئ وصامت.","Ett hjärta med slipat intellekt och en lugn, tyst vänlighet.","Een hart met geslepen intellect en een kalme, stille vriendelijkheid.","Serce o wyostrzonym intelekcie i spokojnej, cichej dobroci.","Et hjerte med skjerpet intellekt og en rolig, stille vennlighet.","Éles intellektusú szív, nyugodt, csendes kedvességgel.","לב בעל אינטלקט מושחז וטוב לב רגוע ושקט.","Сердце с отточенным интеллектом и спокойной, тихой добротой.","Širdis su išlavintu intelektu ir ramiu, tyliu gerumu."
"澪","静かに流れる水の跡のように、繊細で美しい余韻","A delicate and beautiful afterglow, like the trail of quietly flowing water.","Un resplandor delicado y hermoso, como el rastro del agua que fluye silenciosamente.","Un sillage délicat et magnifique, tel le sillage d'une eau s'écoulant paisiblement.","Ein zarter und schöner Nachhall, wie die Spur von leise fließendem Wasser.","Un riflesso delicato e bellissimo, come la scia di acqua che scorre silenziosamente.","Isang maselan at magandang bakas, tulad ng landas ng tahimik na umaagos na tubig.","Um brilho delicado e belo, como o rasto de água que flui silenciosamente.","Sessizce akan suyun izi gibi, narin ve güzel bir yankı.","توهج دقيق وجميل، مثل أثر المياه المتدفقة بهدوء.","En delikat och vacker efterglöd, som spåret av tyst strömmande vatten.","An delicate en mooie naglans, als het spoor van stilletjes stromend water.","Delikatny i piękny powidok, niczym ślad cicho płynącej wody.","En delikat og vakker etterglød, som sporet av stille flytende vann.","Finom és gyönyörű utófény, mint a csendesen folyó víz nyoma.","זוהר עדין ויפה, כמו עקבות של מים זורמים בשקט.","Нежное и прекрасное послевкусие, подобно следу тихо текущей воды.","Subtilus ir gražus atgarsis, kaip tyliai tekančio vandens pėdsakas."
"絢","鮮やかな色彩で人生を彩り、華やかな才能を咲かせる力","The power to color life with vivid hues and make brilliant talents bloom.","Poder de colorear la vida con matices vívidos y hacer florecer talentos brillantes.","La force de colorer la vie de teintes vives et de faire éclore de brillants talents.","Die Kraft, das Leben mit lebendigen Farbtönen zu färben und brillante Talente erblühen zu lassen.","Il potere di colorare la vita con tinte vivaci e far sbocciare talenti brillanti.","Ang kapangyarihang kulayan ang buhay ng maliliwanag na kulay at pamekarin ang magagaling na talento.","O poder de colorir a vida com matizes vívidos e fazer florescer talentos brilhantes.","Hayatı canlı renklerle renklendirme ve harika yeteneklerin açmasını sağlama gücü.","قوة تلوين الحياة بألوان زاهية وجعل المواهب اللامعة تزهو.","Kraften att färga livet med levande nyanser och få lysande talanger att blomstra.","De kracht om het leven in te kleuren met levendige tinten en briljante talenten te laten bloeien.","Moc kolorowania życia żywymi barwami i sprawiania, że rozkwitają błyskotliwe talenty.","Kraften til å farge livet med levende nyanser og få strålende talenter til å blomstre.","Az erő, amellyel valaki élénk színekkel festi meg az életet, és hagyja kinyílni a ragyogó tehetségeket.","הכוח לצבוע את החיים בגוונים עזים ולהפריח כישרונות מבריקים.","Сила раскрашивать жизнь яркими красками и заставлять расцветать блестящие таланты.","Galia nuspalvinti gyvenimą ryškiais atspalviais ir leisti suvešėti puikiems talentams."
"瑛","水晶のように透き通り、曇りのない真実を見通す心","A heart as transparent as crystal, seeing through to the unclouded truth.","Corazón tan transparente como el cristal, que ve la verdad sin nubes.","Un cœur aussi transparent que le cristal, voyant à travers la vérité sans nuage.","Ein Herz, so transparent wie Kristall, das die ungetrübte Wahrheit erkennt.","Un cuore trasparente come il cristallo, capace di vedere la verità senza nubi.","Isang pusong kasinglinaw ng kristal, nakakakita sa malinis na katotohanan.","Um coração tão transparente quanto cristal, vendo através da verdade límpida.","Kristal kadar şeffaf, bulutsuz gerçeği görebilen bir kalp.","قلب شفاف كأنه الكريستال، يرى الحقيقة الصافية.","Ett hjärta så transparent som kristall, som ser igenom till den klara sanningen.","Een hart zo transparant als kristal, dat de onbewolkte waarheid ziet.","Serce przejrzyste niczym kryształ, dostrzegające nieskazitelną prawdę.","Et hjerte så gjennomsiktig som krystall, som ser igjennom til den klare sannheten.","Kristálytiszta szív, amely átlát a felhőtlen igazságon.","לב שקוף כקריסטל, הרואה מבעד לאמת ללא עוררין.","Сердце, прозрачное как хрусталь, видящее чистую истину.","Širdis, skaidri kaip krištolas, reginti negirdėtą tiesą."
"瑠","深い瑠璃色の静寂を纏い、高貴で揺るぎない知性を宿す","An intellect dwelling in noble and unwavering stillness, wearing the deep lapis lazuli silence.","Intelecto que reside en una quietud noble e inquebrantable, vistiendo el profundo silencio del lapislázuli.","Une intelligence nichée dans un calme noble et inébranlable, drapée dans le silence du lapis-lazuli.","Ein Intellekt, der in vornehmer und unerschütterlicher Stille wohnt und das tiefe Lapislazuli-Schweigen trägt.","Un intelletto che dimora in una nobile e incrollabile quiete, avvolto nel profondo silenzio del lapislazzuli.","Isang katalinuhang nananahan sa marangal at matatag na katahimikan, suot ang malalim na katahimikan ng lapis lazuli.","Um intelecto residindo em uma quietude nobre e inabalável, vestindo o silêncio profundo do lápis-lazúli.","Asil ve sarsılmaz bir dinginlik içinde yaşayan, derin lapis lazuli sessizliğini kuşanan bir zeka.","ذكاء يسكن في سكون نبيل لا يتزعزع، يكتسي بصمت اللازورد العميق.","Ett intellekt som vilar i ädel och orubblig stillhet, klädd i det djupa lapislazuli-lugnet.","Een intellect dat rust in nobele en onwrikbare stilte, gehuld in de diepe lapis lazuli-stilte.","Intelekt mieszkający w szlachetnym i niezachwianym spokoju, odziany w głęboką ciszę lazurytu.","Et intellekt som dveler i edel og urokkelig stillhet, kledd i den dype lapis lazuli-stillheten.","Nemes és rendíthetetlen nyugalomban lakozó értelem, mély lapis lazuli csenddel övezve.","אינטלקט השוכן בדממה נאצלת ובלתי מעורערת, לבוש בשתיקה העמוקה של לפיס לזולי.","Интеллект, обитающий в благородном и непоколебимом спокойствии, облаченный в глубокую тишину лазурита.","Intelektas, tūnantis kilnioje ir nepajudinamoje ramybėje, vilkintis gilią lazurito tylą."
"琉","南の海の宝石のように、鮮やかで力強い輝きを放つ精神","A spirit emitting a vivid and powerful brilliance, like a gem of the southern sea.","Espíritu que emite un brillo vívido y potente, como una gema del mar del sur.","Un esprit dégageant un éclat vif et puissant, tel un joyau de la mer du Sud.","Ein Geist, der einen lebendigen und kraftvollen Glanz ausstrahlt, wie ein Juwel des Südmeeres.","Uno spirito che emana una brillantezza vivace e potente, come una gemma del mare del sud.","Isang diwang naglalabas ng matingkad at malakas na kislap, tulad ng hiyas ng timog dagat.","Um espírito emitindo um brilho vívido e poderoso, como uma gema do mar do sul.","Güney denizinin bir mücevheri gibi, canlı ve güçlü bir parlaklık yayan bir ruh.","روح تشع بلمعان زاهٍ وقوي، مثل جوهرة البحر الجنوبي.","En ande som utstrålar en levande och kraftfull glans, som en juvel från det södra havet.","Een geest die een levendige en krachtige schittering uitstraalt, als een juweel van de zuidelijke zee.","Duch emanujący żywym i potężnym blaskiem, niczym klejnot z południowych mórz.","En ånd som utstråler en levende og kraftfull glans, som en juvel fra sørhavene.","Élénk és erőteljes ragyogást kibocsátó szellem, mint a déli tenger ékköve.","רוח המפיצה זוהר חי ועוצמתי, כמו אבן חן של הים הדרומי.","Дух, излучающий яркое и мощное сияние, подобно жемчужине южного моря.","Siela, skleidžianti ryškų ir galingą švytėjimą, kaip pietų jūros brangakmenis."
"瑞","瑞々しい感性を保ち、幸福な予感に満ちた未来を呼ぶ力","The power to maintain fresh sensibilities and invite a future full of happy premonitions.","Poder de mantener sensibilidades frescas e invitar a un futuro lleno de presentimientos felices.","La force de conserver une sensibilité fraîche et d'inviter un avenir empli d'heureux pressentiments.","Die Kraft, frische Empfindungen zu bewahren und eine Zukunft voller glücklicher Vorahnungen einzuladen.","Il potere di mantenere sensibilità fresche e invitare un futuro pieno di felici premonizioni.","Ang kapangyarihang mapanatili ang sariwang pakiramdam at mag-anyaya ng kinabukasang puno ng magagandang hula.","O poder de manter sensibilidades frescas e convidar um futuro cheio de premonições felizes.","Taze duyarlılıkları koruma ve mutlu önsezilerle dolu bir geleceği davet etme gücü.","قوة الحفاظ على أحاسيس ندية واستدعاء مستقبل مليء بالتوقعات السعيدة.","Kraften att bibehålla friska känslor och bjuda in en framtid fylld av lyckliga föraningar.","De kracht om frisse gevoeligheden te behouden en een toekomst vol gelukkige voorgevoelens uit te nodigen.","Moc zachowania świeżej wrażliwości i zapraszania przyszłości pełnej radosnych przeczuć.","Kraften til å bevare friske sanser og invitere en framtid full av lykkelige forutanelser.","Az erő, amellyel valaki megőrzi friss érzelmeit, és boldog előérzetekkel teli jövőt hív meg.","הכוח לשמור על רגישות רעננה ולהזמין עתיד מלא בתחושות מקדימות שמחות.","Сила сохранять свежесть чувств и приглашать будущее, полное счастливых предчувствий.","Galia išlaikyti šviežią jautrumą ir pakviesti ateitį, kupiną laimingų nuojautų."
"凱","困難を乗り越えた歓喜を歌い、誇り高く凱旋する意志","The will to sing the joy of overcoming hardships and return in proud triumph.","Voluntad de cantar la alegría de superar las dificultades y regresar en un triunfo orgulloso.","La volonté de chanter la joie d'avoir surmonté les épreuves et de revenir en triomphe.","Der Wille, die Freude über das Überwinden von Widrigkeiten zu besingen und in stolzem Triumph zurückzukehren.","La volontà di cantare la gioia di aver superato le difficoltà e tornare in un fiero trionfo.","Ang kagustuhang awitin ang saya ng paglampas sa mga paghihirap at bumalik sa marangal na tagumpay.","A vontade de cantar a alegria de superar dificuldades e retornar em triunfo orgulhoso.","Zorlukların üstesinden gelmenin sevincini söyleme ve gururlu bir zaferle geri dönme iradesi.","إرادة ترنم فرحة التغلب على الصعاب والعودة في نصر فخور.","Viljan att sjunga glädjen över att ha övervunnit motgångar och återvända i stolt triumf.","De wil om de vreugde van het overwinnen van moeilijkheden te bezingen en in trotse triomf terug te keren.","Wola wyśpiewania radości z pokonywania trudności i powrotu w dumnym triumfie.","Viljen til å besynge gleden over å overvinne vanskeligheter og vende tilbake i stolt triumf.","Akarat, amely elénekli a nehézségek legyőzésének örömét, és büszke győzelemmel tér vissza.","הרצון לשיר את שמחת ההתגברות על קשיים ולחזור בניצחון גאה.","Воля воспеть радость преодоления трудностей и вернуться с гордым триумфом.","Valia apdainuoti sunkumų įveikimo džiaugsmą ir sugrįžti su išdidaus triumfo pergale."
"凰","伝説の鳥のように優雅に舞い、愛と慈しみで世界を包む","Dancing gracefully like the legendary bird, enveloping the world with love and compassion.","Bailando con gracia como el ave legendaria, envolviendo al mundo con amor y compasión.","Dant avec grâce tel l'oiseau légendaire, enveloppant le monde d'amour et de compassion.","Anmutig tanzend wie der legendäre Vogel, die Welt mit Liebe und Mitgefühl umhüllend.","Danzando con grazia come l'uccello leggendario, avvolgendo il mondo di amore e compassione.","Ang marangal na pagsayaw tulad ng maalamat na ibon, na bumabalot sa mundo ng pag-ibig at habag.","Dançando graciosamente como o pássaro lendário, envolvendo o mundo com amor e compaixão.","Efsanevi kuş gibi zarifçe dans eden, dünyayı sevgi ve şefkatle sarmalayan.","ترقص برشاقة مثل الطائر الأسطوري، وتغلف العالم بالحب والرحمة.","Dansar graciöst som den legendariska fågeln och omsluter världen med kärlek och medkänsla.","Sierlijk dansend als de legendarische vogel, terwijl de wereld wordt omhuld met liefde en compassie.","Tańcząc z gracją niczym legendarny ptak, otaczając świat miłością i współczuciem.","Danser elegant som den legendariske fuglen, og omslutter verden med kjærlighet og medfølelse.","Gecsesen táncolva, mint a legendás madár, szeretettel és együttérzéssel ölelve át a világot.","רוקדים בחן כמו הציפור האגדית, עוטפים את העולם באהבה ובחמלה.","Грациозно танцует подобно легендарной птице, окутывая мир любовью и состраданием.","Grakščiai šokanti kaip legendinis paukštis, apgaubianti pasaulį meile ir užuojauta."
"鳳","炎の中から蘇る不死鳥のごとく、不屈の精神で高みを目指す","Aiming for the heights with an indomitable spirit, like a phoenix rising from the flames.","Aspirando a las alturas con un espíritu indomable, como un fénix que surge de las llamas.","Viser les sommets avec un esprit indomptable, tel un phénix renaissant de ses cendres.","Mit unbezähmbarem Geist nach der Höhe strebend, wie ein Phönix, der aus der Asche aufsteigt.","Mirando alle vette con uno spirito indomito, come una fenice che risorge dalle fiamme.","Naglalayon sa kaitaasan nang may di-masupil na diwa, tulad ng isang phoenix na bumabangon mula sa apoy.","Visando as alturas com um espírito indomável, como uma fênix renascendo das chamas.","Alevlerin arasından doğan bir anka kuşu gibi, boyun eğmez bir ruhla zirveyi hedefleyen.","السعي نحو القمم بروح لا تقهر، كالعنقاء التي تولد من بين لسان اللهب.","Siktar mot höjderna med en okuvlig ande, likt en fågel Fenix som reser sig ur lågorna.","Streven naar de hoogten met een ongetemde geest, als een feniks die uit de vlammen herrijst.","Dążenie ku wyżynom z nieugiętym duchem, niczym feniks powstający z płomieni.","Sikter mot høydene med en ukuelig ånd, som en føniks som stiger opp fra flammene.","A magasságokba törekedve hajthatatlan szellemmel, mint a lángokból felemelkedő főnix.","שואפים לגבהים עם רוח בלתי מנוצחת, כמו פניקס הקם מתוך הלהבות.","Стремление к высотам с неукротимым духом, подобно фениксу, восстающему из пламени.","Siekimas aukštumų su nenugalima siela, kaip iš liepsnų kyla feniksas."
"呪","言葉に命を吹き込み、運命さえも変えてしまう不思議な力","A mysterious power that breathes life into words and changes even destiny.","Misterioso poder que imbuye de vida a las palabras y cambia incluso el destino.","Un pouvoir mystérieux qui insuffle la vie aux mots et change même le destin.","Eine geheimnisvolle Kraft, die Worten Leben einhaucht und sogar das Schicksal verändert.","Un potere misterioso che infonde vita alle parole e cambia persino il destino.","Isang mahiwagang kapangyarihan na nagbibigay-buhay sa mga salita at binabago maging ang tadhana.","Um poder misterioso que dá vida às palavras e altera até o destino.","Kelimelere hayat üfleyen ve kaderi bile değiştiren gizemli bir güç.","قوة غامضة تبث الحياة في الكلمات وتغير حتى القدر.","En mystisk kraft som blåser liv i ord och förändrar till och med ödet.","Een mysterieuze kracht die woorden tot leven wekt en zelfs het lot verandert.","Tajemnicza moc, która tchnie życie w słowa i zmienia nawet przeznaczenie.","En mystisk kraft som puster liv i ord og forandrer selv skjebnen.","Titokzatos erő, amely életet lehel a szavakba, és még a sorsot is megváltoztatja.","כוח מסתורי הנופח חיים במילים ומשנה אפילו את הגורל.","Таинственная сила, вдыхающая жизнь в слова и меняющая даже саму судьбу.","Paslaptinga galia, įkvepianti žodžiams gyvybę ir pakeičianti net likimą."
"煉","心を火で鍛え上げ、純粋で揺るぎない強さを手に入れる意志","The will to forge the heart with fire and obtain pure, unwavering strength.","Voluntad de forjar el corazón con fuego y obtener una fuerza pura e inquebrantable.","La volonté de forger son cœur par le feu pour acquérir une force pure et inébranlable.","Der Wille, das Herz mit Feuer zu schmieden und eine reine, unerschütterliche Stärke zu erlangen.","La volontà di forgiare il cuore con il fuoco e ottenere una forza pura e incrollabile.","Ang kagustuhang pandayin ang puso sa pamamagitan ng apoy at magkamit ng wagas, di-matitinag na lakas.","A vontade de forjar o coração com fogo e obter uma força pura e inabalável.","Kalbi ateşle dövme ve saf, sarsılmaz bir güç elde etme iradesi.","إرادة صقل القلب بالنار والحصول على قوة نقية لا تتزعزع.","Viljan att smida hjärtat med eld och uppnå en ren och orubblig styrka.","De wil om het hart met vuur te smeden en pure, onwankelbare kracht te verkrijgen.","Wola wykuwania serca ogniem i zdobywania czystej, niezachwianej siły.","Viljen til å smi hjertet med ild og oppnå en ren og urokkelig styrke.","Akarat, amely tűzben edzi a szívet, és tiszta, rendíthetetlen erőt ér el.","הרצון לחשל את הלב באש ולקבל כוח טהור ובלתי מעורער.","Воля закалить сердце огнем и обрести чистую, непоколебимую силу.","Valia užgrūdinti širdį ugnyje ir įgyti tyrą, nepajudinamą stiprybę."
"炭","静かに熱を蓄え、誰かの寒さを温める情熱の源","A source of passion that quietly stores heat and warms someone's coldness.","Fuente de pasión que almacena calor en silencio y apacigua el frío de alguien.","Une source de passion qui stocke discrètement la chaleur et réchauffe la froideur d'autrui.","Eine Quelle der Leidenschaft, die leise Wärme speichert und jemandes Kälte wärmt.","Una fonte di passione che accumula calore in silenzio e riscalda il freddo di qualcuno.","Isang bukal ng simbuyo na tahimik na nag-iimbak ng init at nagpapainit sa lamig ng iba.","Uma fonte de paixão que armazena calor silenciosamente e aquece a frieza de alguém.","Sessizce ısı toplayan ve birinin soğukluğunu ısıtan bir tutku kaynağı.","مصدر شغف يخزن الحرارة بصمت ويدفئ برودة شخص ما.","En källa till passion som tyst lagrar värme och värmer någons kyla.","Een bron van passie die stilletjes warmte opslaat en iemands kou verwarmt.","Źródło pasji, które po cichu gromadzi ciepło i ogrzewa czyjś chłód.","En kilde til lidenskap som stille lagrer varme og varmer noens kulde.","Szenvedélyforrás, amely csendben tárolja a hőt, és felmelegíti valakinek a fázását.","מקור של תשוקה האוגר חום בשקט ומחמם את קרירותו של מישהו.","Источник страсти, который тихо копит тепло и согревает чью-то прохладу.","Aistros šaltinis, kuris tyliai kaupia šilumą ir sušildo kieno nors šaltį."
"禰","祖先の絆を大切にし、愛する者を守り抜く清らかな執念","A pure persistence that values ancestral ties and protects loved ones to the end.","Persistencia pura que valora los vínculos ancestrales y protege a los seres queridos hasta el final.","Une persévérance pure qui valorise les liens ancestraux et protège les êtres chers jusqu'au bout.","Eine reine Beharrlichkeit, die die Bande der Vorfahren schätzt und die Geliebten bis zum Ende schützt.","Una pura tenacia che valorizza i legami ancestrali e protegge i propri cari fino alla fine.","Isang wagas na pagpupursigi na nagpapahalaga sa ugnayan ng mga ninuno at nagpoprotekta sa mga mahal sa buhay hanggang sa dulo.","Uma persistência pura que valoriza os laços ancestrais e protege os entes queridos até ao fim.","Ataların bağlarına değer veren ve sevdiklerini sonuna kadar koruyan saf bir kararlılık.","إصرار نقي يقدر روابط الأجداد ويحمي الأحباء حتى النهاية.","En ren ihärdighet som värdesätter förfäders band och skyddar nära och kära till slutet.","Een pure volharding die voorouderlijke banden waardeert en geliefden tot het einde beschermt.","Czysta wytrwałość, która ceni więzi przodków i chroni bliskich do końca.","En ren utholdenhet som verdsetter forfedrenes bånd og beskytter sine kjære til det siste.","Tiszta kitartás, amely értékeli az ősök kötelékét, és a végsőkig védelmezi a szeretteit.","התמדה טהורה המעריכה קשרים מאבות אבותיה ושומרת על יקיריה עד הסוף.","Чистое упорство, которое дорожит связями предков и защищает близких до конца.","Tyra ištvermė, kuri vertina protėvių ryšius ir iki galo saugo artimuosius."
"義","正しき道を貫き、私欲を捨てて大義に生きる武士の心","The heart of a samurai who follows the path of righteousness and lives for a great cause.","El corazón de un samurái que sigue el camino de la rectitud y vive por una gran causa.","Le cœur d'un samouraï qui suit la voie de la droiture et vit pour une juste cause.","Das Herz eines Samurais, der dem Weg der Rechtschaffenheit folgt und für eine große Sache lebt.","Il cuore di un samurai che segue la via della rettitudine e vive per una grande causa.","Ang puso ng isang samurai na sumusunod sa landas ng katuwiran at namumuhay para sa isang dakilang layunin.","O coração de um samurai que segue o caminho da retidão e vive por uma causa nobre.","Doğruluk yolunu takip eden ve büyük bir dava için yaşayan bir samurayın kalbi.","قلب الساموراي الذي يتبع طريق الاستقامة ويعيش من أجل قضية نبيلة.","Hjärtat hos en samuraj som följer rättrådighetens väg och lever för en god sak.","Het hart van een samurai die het pad van rechtvaardigheid volgt en voor een groot doel leeft.","Serce samuraja, który podąża ścieżką prawości i żyje dla wielkiej sprawy.","Hjertet til en samuraier som følger rettferdighetens vei og lever for en stor sak.","A szamuráj szíve, aki az igazság útját követi, és egy nagy célért él.","ליבו של סמוראי ההולך בדרך הצדק וחי למען מטרה נעלה.","Сердце самурая, который следует путем праведности и живет ради великого дела.","Samurajaus širdis, kuri eina teisingumo keliu ir gyvena dėl kilnaus tikslo."
"勇","恐れを知りながらも一歩前へ踏み出す、真の強さの象徴","A symbol of true strength, stepping forward even while knowing fear.","Símbolo de la verdadera fuerza, dando un paso adelante incluso conociendo el miedo.","Le symbole de la vraie force, allant de l'avant même en connaissant la peur.","Ein Symbol für wahre Stärke, das trotz der Angst einen Schritt nach vorne macht.","Simbolo di vera forza, che fa un passo avanti pur conoscendo la paura.","Simbolo ng tunay na lakas, humahakbang pasulong kahit alam ang takot.","Um símbolo de verdadeira força, dando um passo em frente mesmo conhecendo o medo.","Korkuya rağmen bir adım ileri atan gerçek gücün sembolü.","رمز للقوة الحقيقية، والتقدم للأمام حتى مع معرفة الخوف.","En symbol för sann styrka, att ta ett steg framåt trots rädslan.","Een symbool van ware kracht, een stap vooruit zetten zelfs als men angst kent.","Symbol prawdziwej siły, kroczenie naprzód mimo lęku.","Et symbol på sann styrke, som tar et skritt fremover selv med frykt.","Az igazi erő szimbóluma, amely a félelem ismeretében is tesz egy lépést előre.","סמל לעוצמה אמיתית, צועדת קדימה גם כשיש פחד.","Символ истинной силы, делающей шаг вперед, даже зная страх.","Tikrosios stiprybės simbolis, žengiantis žingsnį į priekį net ir žinant baimę."
"覇","頂点を目指し、己の力で新たな時代を支配する王の器","The caliber of a king who aims for the top and dominates a new era with his own power.","El calibre de un rey que aspira a la cima y domina una nueva era con su propio poder.","Le calibre d'un roi qui vise le sommet et domine une nouvelle ère par son propre pouvoir.","Das Format eines Königs, der nach der Spitze strebt und eine neue Ära mit eigener Kraft beherrscht.","La statura di un re che mira alla vetta e domina una nuova era con il proprio potere.","Ang katangian ng isang haring naglalayon sa rurok at namumuno sa bagong panahon gamit ang sariling lakas.","O calibre de um rei que visa o topo e domina uma nova era com o seu próprio poder.","Zirveyi hedefleyen ve kendi gücüyle yeni bir çağa hükmeden bir kralın kalibresi.","مكانة الملك الذي يهدف إلى القمة ويهيمن على عصر جديد بقوته الخاصة.","Kalibern hos en kung som siktar mot toppen och dominerar en ny era med sin egen kraft.","De allure van een koning die naar de top streeft en een nieuw tijdperk domineert met zijn eigen kracht.","Format króla, który dąży do szczytu i dominuje w nowej erze własną mocą.","Kaliberet til en konge som sikter mot toppen og dominerer en ny æra med sin egen kraft.","A királyi kaliber, amely a csúcsra tör, és saját erejével uralja az új korszakot.","שיעור קומתו של מלך השואף לראשונה ושולט בעידן חדש בכוחו שלו.","Задатки короля, который стремится к вершине и господствует в новой эре своей собственной властью.","Karaliaus, kuris siekia aukštumų ir savo jėga valdo naują erą, kalibras."
"匠","ひとつの技を究め、魂を込めて至高の作品を創り出す","Mastering a single craft and creating supreme works with one's whole soul.","Dominar un solo arte y crear obras supremas con toda el alma.","Maîtriser un seul métier et créer des œuvres suprêmes avec toute son âme.","Ein Handwerk beherrschen und mit ganzer Seele höchste Werke schaffen.","Padroneggiare un mestiere e creare opere supreme con tutta la propria anima.","Ang pagpapakadalubhasa sa isang sining at paglikha ng mga dakilang gawa gamit ang buong kaluluwa.","Dominar um ofício e criar obras supremas com toda a alma.","Tek bir zanaatta ustalaşma ve tüm ruhuyla yüce eserler yaratma.","إتقان حرفة واحدة وإبداع أعمال سامية بكل الروح.","Att bemästra ett enda hantverk och skapa högsta verk med hela sin själ.","Een enkel ambacht beheersen en met de hele ziel opperste werken creëren.","Opanowanie jednego rzemiosła i tworzenie najwyższych dzieł z całą duszą.","Å mestre et håndverk og skape fremragende verk med hele sin sjel.","Egyetlen mesterség elsajátítása és a legmagasabb rendű művek létrehozása teljes lélekkel.","שליטה במלאכה אחת ויצירת יצירות נעלות עם כל הנשמה.","Освоение одного ремесла и создание величайших шедевров со всей душой.","Vieno amato įvaldymas ir aukščiausio lygio kūrinių kūrimas su visa siela."
"耀","星々のように自ら光を放ち、暗闇を希望で満たす力","The power to emit light like the stars and fill the darkness with hope.","El poder de emitir luz como las estrellas y llenar la oscuridad de esperanza.","La force d'émettre de la lumière comme les étoiles et de remplir l'obscurité d'espoir.","Die Kraft, Licht wie die Sterne auszustrahlen und die Dunkelheit mit Hoffnung zu füllen.","Il potere di emettere luce come le stelle e riempire l'oscurità di speranza.","Ang kapangyarihang maglabas ng liwanag tulad ng mga bituin at punuin ng pag-asa ang kadiliman.","O poder de emitir luz como as estrelas e preencher a escuridão com esperança.","Yıldızlar gibi ışık yayma ve karanlığı umutla doldurma gücü.","قوة إشعاع الضوء مثل النجوم وملء الظلام بالأمل.","Kraften att sända ut ljus likt stjärnorna och fylla mörkret med hopp.","De kracht om licht uit te stralen als de sterren en de duisternis te vullen met hoop.","Moc emitowania światła niczym gwiazdy i napełniania ciemności nadzieją.","Kraften til å sende ut lys som stjernene og fylle mørket med håp.","Az erő, amellyel valaki csillagként áraszt fényt, és reménnyel tölti meg a sötétséget.","הכוח להפיץ אור כמו הכוכבים ולמלא את החשכה בתקווה.","Сила излучать свет подобно звездам и наполнять тьму надеждой.","Galia skleisti šviesą kaip žvaigždės ir užpildyti tamsą viltimi."
"昇","太陽が昇るように、常に向上心を持って高みを目指す","Aiming for the heights with a constant desire for improvement, like the rising sun.","Aspirando a las alturas con un deseo constante de mejora, como el sol naciente.","Viser les sommets avec un désir constant de s'améliorer, tel le soleil levant.","Mit dem ständigen Wunsch nach Verbesserung nach der Höhe streben, wie die aufgehende Sonne.","Mirando alle vette con un costante desiderio di miglioramento, come il sole che sorge.","Naglalayon sa kaitaasan nang may palagiang hangaring mapabuti, tulad ng sumisikat na araw.","Visando as alturas com um desejo constante de melhoria, como o sol nascente.","Yükselen güneş gibi, sürekli bir gelişim arzusuyla zirveyi hedefleyen.","السعي نحو القمم برغبة مستمرة في التحسن، مثل الشمس المشرقة.","Att sikta mot höjderna med en ständig önskan om förbättring, likt den uppgående solen.","Streven naar de hoogten met een constant verlangen naar verbetering, als de opkomende zon.","Dążenie ku wyżynom z nieustanną chęcią doskonalenia się, niczym wschodzące słońce.","Å sikte mot høydene med et konstant ønske om forbedring, som den oppgående solen.","A magasságokba törekedve a folyamatos fejlődés vágyával, mint a felkelő nap.","שאיפה לגבהים עם רצון מתמיד לשיפור, כמו השמש העולה.","Стремление к высотам с постоянным желанием совершенствоваться, подобно восходящему солнцу.","Siekimas aukštumų su nuolatiniu troškimu tobulėti, kaip kyla saulė."
"豪","圧倒的な力と器を持ち、堂々と人生を歩む強者の風格","The style of a strong person with overwhelming power and stature, walking proudly through life.","El estilo de una persona fuerte con un poder y una estatura abrumadores, caminando con orgullo por la vida.","Le style d'une personne forte habitée par une puissance et une stature imposantes, marchant fièrement dans la vie.","Der Stil eines starken Menschen mit überwältigender Kraft und Statur, der stolz durch das Leben geht.","Lo stile di una persona forte con un potere e una statura travolgenti, che cammina con orgoglio attraverso la vita.","Ang katangian ng isang malakas na taong may napakalaking kapangyarihan at katayuan, na may kapurihang naglalakad sa buhay.","O estilo de uma pessoa forte com poder e estatura avassaladores, caminhando orgulhosamente pela vida.","Ezici bir güce ve boyuta sahip, hayatta gururla yürüyen güçlü bir insanın tarzı.","أسلوب الشخص القوي ذو القوة والمكانة الهائلة، الذي يمشى بفخر في الحياة.","Stilen hos en stark person med överväldigande kraft och gestalt som går stolt genom livet.","De stijl van een sterk persoon met overweldigende kracht en postuur, trots door het leven stappend.","Styl silnej osoby o przytłaczającej mocy i posturze, kroczącej dumnie przez życie.","Stilen til en sterk person med overveldende kraft og storhet, som går stolt gjennom livet.","Egy elsöprő erővel és termettel rendelkező erős ember stílusa, aki büszkén járja az életet.","סגנונו של אדם חזק בעל עוצמה וקומה סוחפים, הצועד בגאווה בחיים.","Облик сильного человека с подавляющей мощью и статью, гордо идущего по жизни.","Stipraus žmogaus su pribloškiančia galia ir ūgiu, išdidžiai žengiančio per gyvenimą, stilius."
"剛","剛毅で曲がらない意志を持ち、どんな逆境も跳ね返す力","The power to have a stout and unbending will, repelling any adversity.","Poder de tener una voluntad firme e inquebrantable, repeliendo cualquier adversidad.","La force d'avoir une volonté robuste et inflexible, repoussant toute adversité.","Die Kraft, einen standhaften und unnachgiebigen Willen zu haben, der jede Widrigkeit zurückweist.","Il potere di avere una volontà forte e irremovibile, capace di respingere ogni avversità.","Ang kapangyarihang magkaroon ng matatag at di-nababaluktot na kagustuhan, na tumatalo sa anumang kahirapan.","O poder de ter uma vontade forte e inabalável, repelindo qualquer adversidade.","Her türlü olumsuzluğu geri püskürten, sağlam ve bükülmez bir iradeye sahip olma gücü.","قوة امتلاك إرادة صلبة لا تنحني، تطرد أي شدائد.","Kraften att ha en stadig och orubblig vilja som avvisar alla motgångar.","De kracht om een standvastige en onbuigzame wil te hebben, die elke tegenslag afweert.","Moc posiadania silnej i nieugiętej woli, odpierającej wszelkie przeciwności losu.","Kraften til å ha en stødig og ubøyelig vilje, som avviser enhver motgang.","Az erő, amellyel valaki szilárd és hajlíthatatlan akarattal rendelkezik, elhárítva minden nehézséget.","הכוח להיות בעל רצון איתן ובלתי מתפשר, הדוחה כל מצוקה.","Сила обладать твердой и непреклонной волей, отражающей любые невзгоды.","Galia turėti tvirtą ir nesulenkiamą valią, atremiančią bet kokias negandas."
"虚","すべてを包み込む無の境地から、無限の創造を生み出す心","A heart that creates infinite possibilities from the state of nothingness that envelops everything.","Corazón que crea infinitas posibilidades desde el estado de la nada que lo envuelve todo.","Un cœur qui crée des possibilités infinies à partir de l'état de néant qui enveloppe tout.","Ein Herz, das unendliche Möglichkeiten aus dem Zustand des Nichts schafft, das alles umhüllt.","Un cuore che crea infinite possibilità dallo stato di nulla che avvolge ogni cosa.","Isang pusong lumilikha ng walang hanggang mga posibilidad mula sa kalagayan ng wala na bumabalot sa lahat.","Um coração que cria infinitas possibilidades a partir do estado de nada que envolve tudo.","Her şeyi sarmalayan hiçlik durumundan sonsuz olasılıklar yaratan bir kalp.","قلب يخلق إمكانيات لا متناهية من حالة العدم التي تغلف كل شيء.","Ett hjärta som skapar oändliga möjligheter ur det tillstånd av intet som omsluter allt.","Een hart dat oneindige mogelijkheden creëert vanuit de staat van nietszeggendheid die alles omhult.","Serce, które stwarza nieskończone możliwości ze stanu nicości otaczającej wszystko.","Et hjerte som skaper uendelige muligheter fra tilstanden av intet som omslutter alt.","A szív, amely végtelen lehetőségeket teremt a mindent körüllelő semmi állapotából.","לב היוצר אפשרויות אינסופיות ממצב של כלום העוטף הכל.","Сердце, создающее бесконечные возможности из состояния пустоты, охватывающей всё.","Širdis, kuri kuria begalines galimybes iš viską apimančios nieko būsenos."
"忠","自らの信念や主に尽くし、決して裏切らない誠実な魂","A sincere soul that devotes itself to its own beliefs or master, never betraying them.","Alma sincera que se entrega a sus propias creencias o a su amo, sin traicionarlos nunca.","Une âme sincère qui se consacre à ses propres convictions ou à son maître, sans jamais les trahir.","Eine aufrichtige Seele, die sich ihren eigenen Überzeugungen oder ihrem Herrn widmet und sie niemals verrät.","Un'anima sincera che si dedica alle proprie convinzioni o al proprio padrone, senza mai tradirli.","Isang tapat na kaluluwang nag-aalay ng sarili sa sariling paniniwala o panginoon, nang hindi kailanman nagtataksil sa kanila.","Uma alma sincera que se dedica às suas próprias crenças ou ao seu mestre, nunca os traindo.","Kendi inançlarına veya efendisine adanmış, asla onlara ihanet etmeyen samimi bir ruh.","روح مخلصة تكرس نفسها لمعتقداتها الخاصة أو لسيدها، ولا تخونهم أبداً.","En uppriktig själ som ägnar sig åt sina egna övertygelser eller sin mästare, och aldrig förråder dem.","Een oprechte ziel die zich wijdt aan haar eigen overtuigingen of meester, en hen nooit verraadt.","Szczera dusza, która oddaje się własnym przekonaniom lub panu, nigdy ich nie zdradzając.","En oppriktig sjel som vier seg til sin egen overbevisning eller sin herre, og aldri sviker dem.","Őszinte lélek, amely saját meggyőződésének vagy urának szenteli magát, soha nem árulva el őket.","נשמה כנה המתמסרת לאמונותיה שלה או לאדונה, ולעולם אינה בוגדת בהם.","Искренняя душа, преданная своим убеждениям или господину и никогда их не предающая.","Nuoširdi siela, kuri atsiduoda savo įsitikinimams ar šeimininkui, niekada jų neišduodama."
"烈","激しく燃え盛る火のように、純粋で妥協のない情熱","A pure and uncompromising passion, like a fiercely burning fire.","Pasión pura e intransigente, como un fuego que arde con fuerza.","Une passion pure et sans compromis, telle un feu ardent.","Eine reine und kompromisslose Leidenschaft, wie ein heftig brennendes Feuer.","Una passione pura e senza compromessi, come un fuoco che arde ferocemente.","Isang wagas at di-nakikipagkompromisong simbuyo, tulad ng isang matinding nag-aalab na apoy.","Uma paixão pura e intransigente, como um fogo que arde intensamente.","Şiddetli bir ateş gibi, saf ve tavizsiz bir tutku.","شغف نقي لا يلين، مثل نار تشتعل بضراوة.","En ren och kompromisslös passion, likt en häftigt brinnande eld.","Een pure en compromisloze passie, als een fel brandend vuur.","Czysta i bezkompromisowa pasja, niczym gwałtownie płonący ogień.","En ren og kompromissløs lidenskap, som en brennende ild.","Tiszta és hajthatatlan szenvedély, mint a hevesen égő tűz.","תשוקה טהורה ובלתי מתפשרת, כמו אש בוערת בעוז.","Чистая и бескомпромиссная страсть, подобная неистово пылающему огню.","Tyra ir bekompromisė aistra, kaip įniršusi deganti ugnis."
"闇","深い安らぎと神秘を湛え、光をより一層輝かせる深淵","An abyss brimming with deep peace and mystery, making the light shine even brighter.","Abismo rebosante de profunda paz y misterio, que hace que la luz brille aún más.","Un abîme débordant d'une paix profonde et de mystère, faisant briller la lumière plus intensément encore.","Ein Abgrund voller tiefem Frieden und Geheimnis, der das Licht noch heller erstrahlen lässt.","Un abisso colmo di pace profonda e mistero, che fa risplendere la luce ancora di più.","Isang kalaliman na puno ng malalim na kapayapaan at misteryo, na lalo pang nagpapakitang-gilas sa liwanag.","Um abismo transbordando de paz profunda e mistério, fazendo a luz brilhar ainda mais.","Derin bir huzur ve gizemle dolu, ışığın daha da parlak görünmesini sağlayan bir uçurum.","هاوية مفعمة بالسلام والغموض العميق، تجعل الضوء يسطع أكثر فأكثر.","En avgrund fylld av djupt lugn och mystik, som gör att ljuset lyser ännu starkare.","Een afgrond vol diepe vrede en mysterie, waardoor het licht nog feller gaat schijnen.","Otchłań przepełniona głębokim pokojem i tajemnicą, sprawiająca, że światło lśni jeszcze jaśniej.","En avgrunn fylt med dyp fred og mystikk, som får lyset til å skinne enda klarere.","Mély békével és titokzatossággat telített szakadék, amely még fényesebbé teszi a világosságot.","תהום מלאה בשלווה עמוקה ובמסתורין, הגורמת לאור לזרוח עוד יותר.","Бездна, преисполненная глубокого покоя и тайны, заставляющая свет сиять еще ярче.","Bedugnė, kupina gilios ramybės ir paslapties, priverčianti šviesą šviesti dar ryškiau."
"炎","すべてを包み込む生命の火を灯し、意志を継承し続ける力","The power to light the fire of life that envelops everything and continue to inherit the will.","El poder de encender el fuego de la vida que lo envuelve todo y seguir heredando la voluntad.","La force d'allumer le feu de la vie qui enveloppe tout et de perpétuer la volonté.","Die Kraft, das Feuer des Lebens zu entzünden, das alles umhüllt, und das Erbe des Willens fortzusetzen.","Il potere di accendere il fuoco della vita che avvolge ogni cosa e continuare a trasmettere la volontà.","Ang kapangyarihang magsindi ng apoy ng buhay na bumabalot sa lahat at patuloy na nagmamana ng kagustuhan.","O poder de acender o fogo da vida que envolve tudo e continuar a herdar a vontade.","Her şeyi sarmalayan yaşam ateşini yakma ve iradeyi devralmaya devam etme gücü.","قوة إشعال نار الحياة التي تغلف كل شيء والاستمرار في وراثة الإرادة.","Kraften att tända livets eld som omsluter allt och fortsätta föra viljan vidare.","De kracht om het vuur van het leven te ontsteken dat alles omhult en de wil te blijven overdragen.","Moc zapalania ognia życia, który otacza wszystko, i kontynuowania dziedzictwa woli.","Kraften til å tenne livets ild som omslutter alt, og fortsette å føre viljen videre.","Az erő, amellyel valaki meggyújtja az mindent körülölelő élet tüzét, és továbbviszi az akaratot.","הכוח להדליק את אש החיים העוטפת הכל ולהמשיך להוריש את הרצון.","Сила зажечь огонь жизни, охватывающий всё, и продолжать передавать волю.","Galia uždegti viską apimančią gyvybės ugnį ir toliau paveldėti valią."
"氷","冷徹な知性と静寂を保ち、どんな喧騒も静まらせる透明な心","A transparent heart that maintains cool intellect and silence, quelling any clamor.","Corazón transparente que mantiene un intelecto frío y silencio, aplacando cualquier clamor.","Un cœur transparent qui maintient une intelligence froide et le silence, calmant toute clameur.","Ein transparentes Herz, das kühlen Verstand und Schweigen bewahrt und jeglichen Lärm verstummen lässt.","Un cuore trasparente che mantiene freddo intelletto e silenzio, placando ogni clamore.","Isang malinaw na pusong nagpapanatili ng malamig na katalinuhan at katahimikan, na pumapawi sa anumang ingay.","Um coração transparente que mantém o intelecto frio e o silêncio, acalmando qualquer clamor.","Soğuk zekayı ve sessizliği koruyan, her türlü gürültüyü yatıştıran şeffaf bir kalp.","قلب شفاف يحافظ على ذكاء بارد وسكون، ويهدئ أي ضجيج.","Ett genomskinligt hjärta som upprätthåller kyligt intellekt och tystnad och dämpar allt buller.","Een transparant hart dat koel intellect en stilte bewaart, en elk rumoer sust.","Przejrzyste serce, które zachowuje chłodny intelekt i ciszę, uśmierzając wszelki zgiełk.","Et gjennomsiktig hjerte som bevarer kjølig intellekt og stillhet, og demper ethvert støy.","Átlátszó szív, amely megőrzi hűvös értelemet és a csendet, lecsendesítve minden zajt.","לב שקוף השומר על אינטלקט קריר ודממה, ומשקיט כל המולה.","Прозрачное сердце, которое сохраняет холодный интеллект и тишину, унимая любой шум.","Skaidri širdis, kuri išlaiko šaltą intelektą ir tylą, nuraminanti bet kokį triukšmą."
"風","どこまでも自由に駆け抜け、世界に新しい変化を運ぶ意志","The will to run freely anywhere and bring new changes to the world.","Voluntad de correr libremente a cualquier lugar y traer nuevos cambios al mundo.","La volonté de courir librement partout et d'apporter de nouveaux changements au monde.","Der Wille, überall frei zu laufen und neue Veränderungen in die Welt zu bringen.","La volontà di correre liberamente ovunque e portare nuovi cambiamenti al mondo.","Ang kagustuhang kusang tumakbo kahit saan at magdala ng mga bagong pagbabago sa mundo.","A vontade de correr livremente para qualquer lugar e trazer novas mudanças ao mundo.","Her yerde özgürce koşma ve dünyaya yeni değişiklikler getirme iradesi.","إرادة الجري بحرية في أي مكان وجلب تغييرات جديدة للعالم.","Viljan att springa fritt vart som helst och ge världen nya förändringar.","De wil om overal vrijuit te rennen en de wereld nieuwe veranderingen te brengen.","Wola swobodnego biegania wszędzie i wnoszenia nowych zmian do świata.","Viljen til å løpe fritt hvor som helst og bringe nye endringer til verden.","Akarat, amely bárhol szabadon fut, és új változásokat hoz a világba.","הרצון לרוץ בחופשיות לכל מקום ולהביא שינויים חדשים לעולם.","Воля свободно бежать куда угодно и привносить в мир новые изменения.","Valia laisvai bėgti bet kur ir nešti pasauliui naujus pokyčius."
"律","自らを律し、調和の取れた美しさを追求する清廉な精神","A clean spirit that disciplines itself and pursues balanced beauty.","Espíritu limpio que se disciplina y busca una belleza equilibrada.","Un esprit pur qui se discipline et recherche une beauté équilibrée.","Ein reiner Geist, der sich selbst diszipliniert und nach ausgewogener Schönheit strebt.","Uno spirito pulito che si disciplina e persegue una bellezza equilibrata.","Isang malinis na diwang nagdidisiplina sa sarili at naghahangad ng balanseng kagandahan.","Um espírito limpo que se disciplina e busca uma beleza equilibrada.","Kendini terbiye eden ve dengeli güzelliği arayan temiz bir ruh.","روح نظيفة تضبط نفسها وتسعى لجمال متوازن.","En ren ande som disciplinerar sig själv och strävar efter balanserad skönhet.","Een zuivere geest die zichzelf disciplineert en streeft naar evenwichtige schoonheit.","Czysty duch, który sam siebie dyscyplinuje i dąży do zrównoważonego piękna.","En ren ånd som disiplinerer seg selv og streber etter balansert skjønnhet.","Tiszta szellem, amely fegyelmezi önmagát és a kiegyensúlyozott szépségre törekszik.","רוח נקייה הממושמעת לעצמה ושואפת ליופי מאוזן.","Чистый дух, который дисциплинирует себя и стремится к уравновешенной красоте.","Švari dvasia, kuri save drausmina ir siekia subalansuoto grožio."
"弦","ピンと張り詰めた緊張感の中に、美しい音色を秘めた心","A heart that hides a beautiful melody within a taut sense of tension.","Corazón que esconde una melodía hermosa dentro de una tensa sensación de tensión.","Un cœur qui cache une belle mélodie au sein d'une vive tension.","Ein Herz, das eine schöne Melodie in einer straffen Spannung verbirgt.","Un cuore che nasconde una bella melodia in un teso senso di tensione.","Isang pusong nagtatago ng magandang himig sa loob ng isang maigting na pakiramdam ng tensyon.","Um coração que esconde uma bela melodia num tenso sentido de tensão.","Gergin bir gerilim duygusunun içinde güzel bir melodi saklayan bir kalp.","قلب يخفي لحناً جميلاً وسط شعور متوتر من التوتر.","Ett hjärta som döljer en vacker melodi i en stram känsla av spänning.","Een hart dat een mooie melodie verbergt in een strak gespannen gevoel.","Serce, które kryje piękną melodię w napiętym poczuciu napięcia.","Et hjerte som skjuler en vakker melodi i en spent følelse.","A szív, amely gyönyörű dallamot rejt a feszült feszültség érzésében.","לב המסתיר מנגינה יפה בתוך תחושת מתיחות דרוכה.","Сердце, скрывающее прекрасную мелодию в натянутом чувстве напряжения.","Širdis, kuri slepia gražią melodiją įtemptame įtampos pojūtyje."
"鼓","勇気を奮い立たせる鼓動のように、周囲を熱狂させる力","The power to inspire enthusiasm in those around, like a heartbeat that rouses courage.","El poder de inspirar entusiasmo en quienes te rodean, como un latido que despierta el coraje.","La force d'inspirer de l'enthousiasme autour de soi, tel un battement de cœur qui éveille le courage.","Die Kraft, Begeisterung in den Mitmenschen zu wecken, wie ein Herzschlag, der Mut macht.","Il potere di ispirare entusiasmo in chi circonda, come un battito cardiaco che risveglia il coraggio.","Ang kapangyarihang magbigay ng simbuyo sa mga nasa paligid, tulad ng tibok ng pusong nagpapasiklab ng katapangan.","O poder de inspirar entusiasmo naqueles que o rodeiam, como um batimento cardíaco que desperta coragem.","Cesaret uyandıran bir kalp atışı gibi çevredekilerde coşku uyandırma gücü.","قوة إلهام الحماس فيمن حولك، مثل نبض القلب الذي يثير الشجاعة.","Kraften att inspirera till entusiasm hos de runt omkring, likt ett hjärtslag som väcker mod.","De kracht om enthousiasme te wekken bij de mensen om je heen, als een hartslag die moed opwekt.","Moc wzbudzania entuzjazmu u otoczenia, niczym bicie serca pobudzające odwagę.","Kraften til å inspirere til entusiasme hos de rundt seg, som et hjerteslag som vekker mot.","Az erő, amellyel valaki lelkesedést ébreszt a környezetében, mint a bátorságot ébresztő szívverés.","הכוח לעורר התלהבות בסובבים, כמו דופק המעורר אומץ.","Сила внушать энтузиазм окружающим, подобно сердцебиению, пробуждающему мужество.","Galia įkvėpti entuziazmo aplinkiniams, kaip širdies dūžiai, žadinantys drąsą."
"宙","果てしない宇宙のように、広大な夢と無限の可能性を宿す","Harbouring vast dreams and infinite possibilities, like the endless cosmos.","Albergando vastos sueños e infinitas posibilidades, como el cosmos interminable.","Abriter de vastes rêves et des possibilités infinies, tel le cosmos infini.","Große Träume und unendliche Möglichkeiten hegend, wie der endlose Kosmos.","Albergando vasti sogni e infinite possibilità, come il cosmo senza fine.","Nag-iingat ng mga malawak na pangarap at walang hanggang mga posibilidad, tulad ng walang katapusang sansinukob.","Abrigando vastos sonhos e infinitas possibilidades, como o cosmos sem fim.","Sonsuz evren gibi, engin hayalleri ve sonsuz olasılıkları barındıran.","احتضان أحلام واسعة وإمكانيات لا متناهية، مثل الكون اللانهائي.","Att hysa vidsträckta drömmar och oändliga möjligheter, likt den ändlösa kosmos.","Grote dromen en oneindige mogelijkheden koesteren, als de eindeloze kosmos.","Skrywanie wielkich marzeń i nieskończonych możliwości, niczym nieskończony kosmos.","Å huse omfattende drømmer og uendelige muligheter, som det endeløse kosmos.","Hatalmas álmokat és végtelen lehetőségeket hordozva, mint a végtelen kozmosz.","מאכלס חלומות עצומים ואפשרויות אינסופיות, כמו הקוסמוס האינסופי.","Таить в себе необъятные мечты и бесконечные возможности, подобно бескрайнему космосу.","Turintis didžiules svajones ir begalines galimybes, kaip beribis kosmosas."
"蒼","どこまでも深く透き通った青のように、純粋で自由な精神","A pure and free spirit, like an infinitely deep and transparent blue.","Un espíritu puro y libre, como un azul infinitamente profundo y transparente.","Un esprit pur et libre, tel un bleu infiniment profond et transparent.","Ein reiner und freier Geist, wie ein unendlich tiefes und transparentes Blau.","Uno spirito puro e libero, come un blu infinitamente profondo e trasparente.","Isang wagas at malayang diwa, tulad ng isang walang hanggang malalim at malinaw na asul.","Um espírito puro e livre, como um azul infinitamente profundo e transparente.","Sonsuz derinlikte ve şeffaf bir mavi gibi, saf ve özgür bir ruh.","روح نقية وحرة، مثل اللون الأزرق الشفاف والعميق للغاية.","En ren och fri ande, likt ett oändligt djupt och transparent blått.","Een pure en vrije geest, als een oneindig diep en transparant blauw.","Czysty i wolny duch, niczym nieskończenie głęboki i przejrzysty błękit.","En ren og fri ånd, som en uendelig dyp og gjennomsiktig blåfarge.","Tiszta és szabad lélek, mint a végtelenül mély és átlátszó kék.","רוח טהורה וחופשית, כחול עמוק ושקוף לאין שיעור.","Чистый и свободный дух, подобный бесконечно глубокой и прозрачной синеве.","Tyra ir laisva siela, kaip be galo giliai skaidri mėlyna spalva."
"地","万物を育み、揺るぎない安定と恵みをもたらす大地","The great earth that nurtures all things, bringing unwavering stability and blessings.","La gran tierra que nutre todo, brindando estabilidad.","La terre nourricière assurant stabilité et bénédictions.","Die große Erde, die alles nährt und Stabilität bringt.","La grande terra che nutre tutto, portando stabilità.","Ang dakilang lupa na nagpapakain sa lahat, nagdadala ng katatagan.","A grande terra que nutre tudo, trazendo estabilidade.","Her şeyi besleyen, sarsılmaz istikrar sağlayan yüce toprak.","الأرض العظيمة التي تغذي كل شيء وتجلب الاستقرار.","Den stora jorden som föder allt och ger stabilitet.","De grote aarde die alles voedt en stabiliteit brengt.","Wielka ziemia karmiąca wszystko, dająca stabilność.","Den store jorden som nærer alt og gir stabilitet.","A nagy föld, amely mindenet táplál és stabilitást ad.","האדמה הגדולה המזינה את הכל ומביאה יציבות.","Великая земля, питающая всё сущее и дающая покой.","Didžioji žemė, maitinanti viską ir teikianti stabilumą."
"神","人知を超えた大いなる存在、聖なる力と神秘の象徴","A great existence beyond human wisdom, a symbol of sacred power and mystery.","Existencia sagrada más allá de la sabiduría humana.","Existence sacrée au-delà de la sagesse humaine.","Ein Dasein jenseits menschlicher Weisheit.","Un'esistenza oltre la saggezza umana, simbolo sacro.","Dakilang pag-iral lampas sa karunungan ng tao.","Uma existência além da sabedoria humana.","İnsan bilgeliğinin ötesinde yüce bir varlık.","وجود عظيم يفوق حكمة البشر، رمز مقدس.","En stor existens bortom mänsklig visdom.","Een groot bestaan voorbij menselijke wijsheid.","Wielki byt poza ludzką mądrością.","En stor eksistens hinsides menneskelig visdom.","Az emberi bölcsességen túli nagyszerű létezés.","קיום אדיר מעבר לבינה אנושית.","Великое существо за пределами человеческого разума.","Didelė būtybė už žmogaus išminties ribų."
"命","この世に生を受けた尊い輝き、魂が紡ぐ生命の鼓動","A precious radiance born into this world, the heartbeat of life woven by the soul.","Resplandor precioso, el latido de la vida.","Un éclat précieux, le battement de cœur de la vie.","Ein kostbarer Glanz, der Herzschlag des Lebens.","Un prezioso splendore, il battito della vita.","Mahalagang kislap, ang tibok ng buhay.","Um brilho precioso, o batimento cardíaco da vida.","Dünyaya gelen değerli bir parıltı, yaşamın kalp atışı.","شعاع ثمين، نبض الحياة الذي تغزله الروح.","En dyrbar utstrålning, livets hjärtslag.","Een kostbare uitstraling, de hartslag van het leven.","Cenny blask, tętno życia tkane przez duszę.","En dyrebar utstråling, livets hjerteslag.","Drága ragyogás, az élet lüktetése.","זוהר יקר, פעימת הלב של החיים.","Драгоценное сияние жизни, биение сердца.","Brangus spindėjimas, sielos pinamas gyvybės pulsas."
"和","心を穏やかに結び、調和のとれた平和な世界を願う精神","A spirit that gently connects hearts and wishes for a harmonious and peaceful world.","Espíritu que une corazones por un mundo armonioso.","Esprit liant les cœurs pour un monde harmonieux.","Ein Geist, der Herzen für eine harmonische Welt verbindet.","Uno spirito che unisce i cuori per un mondo armonioso.","Diwa na nag-uugnay sa mga puso para sa kapayapaan.","Um espírito que conecta corações por um mundo harmonioso.","Kalpleri birleştiren, uyumlu bir dünya dileyen ruh.","روح تربط القلوب وتتمنى سلاماً متناغماً.","En ande som förenar hjärtan för en harmonisk värld.","Een geest die harten verbindt voor een harmonieuze wereld.","Duch łączący serca dla harmonijnego świata.","En ånd som forbinder hjerter for en harmonisk verden.","Szellem, amely összeköti a szíveket a harmóniáért.","רוח המחברת לבבות ומייחלת לשלום.","Дух, объединяющий сердца ради гармонии и мира.","Dvasia, švelniai jungianti širdis ir trokštanti harmonijos."
"禅","静寂の中で己を見つめ、無の境地から真理を悟る心","A heart that reflects on oneself in silence, attaining truth from the state of nothingness.","Corazón que se refleja en el silencio, alcanzando la verdad.","Un cœur qui se reflète dans le silence, vers la vérité.","Ein Herz, das in der Stille die Wahrheit erkennt.","Un cuore che riflette nel silenzio, raggiungendo la verità.","Pusong nagninilay sa katahimikan para sa katotohanan.","Um coração que reflete no silêncio, alcançando a verdade.","Sessizlikte kendi içine bakan, hakikate varan kalp.","قلب يتأمل الذات في صمت وينال الحقيقة.","Ett hjärta som reflekterar i tystnad och når sanningen.","Een hart dat in stilte de waarheid weerspiegelt.","Serce reflektujące w ciszy, poznające prawdę.","Et hjerte som reflekterer i stillhet og når sannheten.","Szív, amely a csendben talája meg az igazságot.","לב המתבונן פנימה בדממה ומשיג אמת.","Сердце, познающее истину в тишине через пустоту.","Širdis, tyloje stebinti save ir suvokianti tiesą."
"鏡","ありのままの姿を映し出し、真実を照らし出す清廉な心","A clean heart that reflects things as they are and illuminates the truth.","Corazón limpio que refleja la realidad y la verdad.","Un cœur pur reflétant la réalité et éclairant la vérité.","Ein reines Herz, das die Wahrheit widerspiegelt.","Un cuore puro che riflette la realtà e la verità.","Malinis na pusong sumasalamin sa katotohanan.","Um coração puro que reflete a realidade e a verdade.","Her şeyi olduğu gibi yansıtan, gerçeği aydınlatan kalp.","قلب نقي يعكس الأشياء كما هي وينير الحقيقة.","Ett rent hjärta som speglar sanningen.","Een zuiver hart dat de waarheid weerspiegelt.","Czyste serce odbijające rzeczywistość i prawdę.","Et rent hjerte som speiler sannheten.","Tiszta szív, amely megmutatja az igazságot.","לב נקי המשקף את הדברים ומאיר אמת.","Чистое сердце, отражающее мир и освещающее истину.","Tyra širdis, atspindinti tikrovę ir apšviečianti tiesą."
"雫","木々から滴る一滴の輝き、生命の潤いと純粋さの象徴","A single drop of radiance dripping from trees, a symbol of life's moisture and purity.","Una gota de resplandor, símbolo de pureza y vida.","Une goutte d'éclat tombant des arbres, symbole de pureté.","Ein Tropfen Licht von den Bäumen, Symbol der Reinheit.","Una goccia di splendore, simbolo di purezza e vita.","Isang patak ng kislap, simbolo ng kalinisan ng buhay.","Uma gota de resplandor, símbolo de pureza e vida.","Ağaçlardan süzülen bir parıltı damlası, saflık sembolü.","قطرة ضياء من الأشجار، رمز لنقاء الحياة.","En enda droppe utstrålning, en symbol för renhet.","Een druppel licht, symbool van zuiverheid.","Kropla blasku, symbol czystości życia.","En dråpe lys, symbol på renhet.","Egyetlen csillogó csepp, a tisztaság szimbóluma.","טיפה אחת של זוהר, סמל לטוהר החיים.","Капля сияния, падающая с ветвей, символ чистоты.","Žvilgantis lašas nuo medžių, tyrumo simbolis."
"宵","昼が終わり夜が始まる直前の、静かで神秘的な青い時間","The quiet and mysterious blue hour just after day ends and night begins.","La hora azul silenciosa y misteriosa tras el día.","L'heure bleue calme et mystérieuse entre jour et nuit.","Die stille und mystische blaue Stunde nach dem Tag.","L'ora blu silenziosa e misteriosa dopo il giorno.","Tahimik at misteryosong asul na oras bago ang gabi.","A hora azul silenciosa e misteriosa após o dia.","Günün bitip gecenin başladığı gizemli mavi vakit.","الساعة الزرقاء الهادئة بين النهار والليل.","Den tysta blå timmen innan natten börjar.","Het stille blauwe uur voor de nacht begint.","Cicha i tajemnicza błękitna godzina przed nocą.","Den stille blå timen før natten begynner.","A csendes kék óra a nappal és éjszaka között.","השעה הכחולה השקטה שלפני הלילה.","Тихий и таинственный синий час перед началом ночи.","Tyli ir paslaptinga mėlyna valanda prieš naktį."
"朧","月や景色が淡く霞み、幻想的で柔らかな情景を生む様","A state where the moon or scenery is faintly hazy, creating a dreamlike and soft atmosphere.","Paisaje brumoso que crea un ambiente onírico y suave.","Un état où la lune est voilée, ambiance douce.","Ein Zustand, in dem der Mond weich und verschwommen ist.","Lo stato in cui la luna appare brumosa e soffusa.","Kalagayang malabo ang buwan, parang panaginip.","Um estado de lua nebulosa, atmosfera suave.","Ayın puslu olduğu, rüya gibi ve yumuşak bir ortam.","حالة يكون فيها القمر ضبابياً وناعماً.","Ett tillstånd där månen är svagt disig och dromlik.","Een dromerige sfeer waarin de maan wazig is.","Stan, w którym księżyc jest mglisty i miękki.","En tilstand der månen er sløret og drømmeaktig.","Halványan ködös holdfény, álomszerű hangulat.","מצב בו הירח מעורפל ורך.","Мягкая дымка, обволакивающая луну и пейзаж.","Būsena, kai mėnulis pasidengia švelnia migla."
"翠","深い森の奥に宿る翡翠の輝き、瑞々しく美しい緑の象徴","The radiance of jade dwelling deep in the forest, a symbol of fresh and beautiful green.","Resplandor del jade, símbolo de un verde fresco.","L'éclat du jade au cœur de la forêt, vert magnifique.","Der Glanz von Jade im tiefen Wald, schönes Grün.","Lo splendore della giada nel bosco, verde bellissimo.","Kislap ng jade, simbolo ng sariwang berde.","O brilho do jade na floresta, verde lindo.","Ormanın derinliklerinde yeşim parıltısı, taze yeşil.","ألق الزمرد في أعماق الغابة، رمز للون الأخضر.","Jadens utstrålning, en symbol för frisk grönska.","De glans van jade, symbool van fris groen.","Blask jadeitu, symbol świeżej zieleni.","Glansen av jade, et symbol på frisk grønnfarge.","A jade ragyogása az erdőben, a friss zöld szimbóluma.","זוהר הירקן בלב היער, סמל לירוק רענן.","Сияние нефрита в глубине леса, символ живой зелени.","Jaspio spindesys miško gilumoje, žalumos simbolis."
"茜","夕暮れ時の空を赤く染め、温かさと郷愁を届ける光","The light that dyes the twilight sky red, delivering warmth and nostalgia.","Luz roja del atardecer que trae nostalgia.","La lumière rouge du crépuscule apportant la nostalgie.","Das rote Licht des Sonnenuntergangs, Wärme spendend.","La luce rossa del tramonto che porta nostalgia.","Pulang liwanag ng dapit-hapon na may dalang pangungulila.","A luz vermelha do pôr do sol que traz nostalgia.","Gün batımında gökyüzünü kızıla boyayan sıcak ışık.","ضوء الغروب الأحمر الذي يبعث على الحنين.","Det röda ljuset från solnedgången som ger nostalgi.","Het rode licht van de zonsondergang vol nostalgie.","Czerwone światło zmierzchu niosące ciepło.","Det røde lyset fra solnedgangen som gir nostalgi.","A naplemente vörös fénye, amely nosztalgiát hoz.","אור השקיעה האדום המביא חמימות וגעגוע.","Свет, красящий закатное небо в красный, даря тепло.","Saulėlydžio šviesa, nešanti šilumą ir nostalgiją."
"琥","太古の記憶を閉じ込めた琥珀のように、温かみのある輝き","A warm radiance like amber that has locked away ancient memories.","Brillo cálido como el ámbar con memorias antiguas.","Un éclat chaud comme l'ambre gardant les mémoires.","Ein warmer Glanz wie Bernstein, der Erinnerungen bewahrt.","Uno splendore caldo come l'ambra che conserva memorie.","Mainit na kislap tulad ng amber ng sinaunang alaala.","Um brilho quente como o ámbar que guarda memórias.","Kadim anıları saklayan kehribar gibi sıcak parıltı.","ألق دافئ مثل الكهرمان الذي يحفظ الذكريات.","En varm glans som bärnsten med gamla minnen.","Een warme glans als barnsteen vol herinneringen.","Ciepły blask niczym bursztyn z dawnymi wspomnianymi.","En varm glans som rav som bevarer minner.","Meleg ragyogás, mint az emlékeket őrző borostyán.","זוהר חם כמו ענבר הנוצר זיכרונות קדומים.","Тёплое сияние, подобное янтарю с памятью веков.","Šiltas spindesys kaip gintaras, saugantis atmintį."
"珀","宝石のような透明感を持ち、純粋で気高い意志を宿す","Possessing a jewel-like transparency and harboring a pure and noble will.","Transparencia de joya con una voluntad noble e pura.","Transparence précieuse abritant une volonté noble.","Juwelenhafte Transparenz mit edlem Willen.","Trasparenza preziosa con una volontà nobile.","Kalinigan ng perlas na may dakilang layunin.","Transparência de joia com uma vontade nobre.","Mücevher gibi şeffaflık ve asil bir irade.","شفافية الجواهر مع إرادة نقية ونبيلة.","Genomskinlighet som en ädelsten med en ädel vilja.","Transparantie als van een edelsteen met edele wil.","Przejrzystość klejnotu i szlachetna wola.","Gjennomsiktighet som en edelsten med en edel vilje.","Ékszerszerű áttetszőség és tiszta, nemes akarat.","שקיפות של אבן חן עם רצון נאצל וטהור.","Прозрачность драгоценного камня и благородная воля.","Skaidrumas kaip brangakmenio ir tauri valia."
"翡","美しい青緑の羽を持つ鳥のように、鮮やかで気品ある精神","A vivid and elegant spirit, like a bird with beautiful blue-green feathers.","Espíritu elegante como un pájaro de plumas azules.","Un esprit élégant tel un oiseau aux plumes bleu-vert.","Ein eleganter Geist wie ein Vogel mit blaugrünen Federn.","Uno spirito elegante come un uccello dalle piume blu.","Matingkad at eleganteng diwa tulad ng asul na ibon.","Um espírito elegante como um pássaro de penas azuis.","Mavi-yeşil tüylü bir kuş gibi canlı ve asil bir ruh.","روح أنيقة تشبه طائراً بريش أزرق وأخضر.","En levande ande som en fågel med blågröna fjädrar.","Een levendige geest als een vogel met prachtige veren.","Żywy i elegancki duch niczym ptak o barwnych piórach.","En levende ånd som en fugl med blågrønne fjer.","Élénk és elegáns szellem, mint a kék tollú madár.","רוח אלגנטית כציפור בעלת נוצות כחולות-ירוקות.","Яркий и благородный дух, подобный птице.","Gyva ir elegantiška dvasia kaip paukščio su plunksnomis."
"想","心の中に大切な情景を浮かべ、深く思いを馳せる力","The power to bring precious scenes to mind and reflect deeply on them.","Poder de evocar escenas queridas y reflexionar.","Le pouvoir d'évoquer des scènes chères au cœur.","Die Kraft, wertvolle Szenen im Geist vorzurufen.","Il potere di evocare scene care e riflettere profondamente.","Kapangyarihang gunitain ang mga mahalagang sandali.","O poder de evocar cenas queridas e refletir.","Değerli sahneleri akla getirme ve derin düşünme gücü.","قوة استحضار مشاهد عزيزة والتفكير فيها بعمق.","Kraften att framkalla dyrbara scener i sinnet.","De kracht om dierbare scènes in gedachten te roepen.","Moc przywoływania cennych obrazów w myślach.","Kraften til å fremkalle dyrebare scener i sinnet.","Az erő, amellyel kedves jeleneteket idézünk fel.","הכוח להעלות בזיכרון רגעים יקרים ולהרהר.","Сила воображения, воссоздающая дорогие образы.","Galia mintyse atgaivinti brangius vaizdus."
"祈","聖なる願いを天に届け、誰かの幸せを静かに願う心","A heart that delivers sacred wishes to heaven and quietly prays for someone's happiness.","Corazón que envía deseos sagrados al cielo por otros.","Un cœur confiant ses vœux sacrés au ciel pour autrui.","Ein Herz, das Gebete für das Glück anderer sendet.","Un cuore che invia desideri sacri al cielo.","Pusong naghahatid ng banal na dasal para sa iba.","Um coração que envia desejos sagrados ao céu.","Kutsal dilekleri göğe ileten ve huzur dileyen kalp.","قلب يرفع الأماني المقدسة إلى السماء من أجل الآخرين.","Ett hjärta som sänder heliga önskningar till himlen.","Een hart dat heilige wensen voor anderen doet.","Serce posyłające święte życzenia do nieba.","Et hjerte som sender hellige ønsker til himmelen.","A szív, amely szent kívánságokat küld az égbe másokért.","לב הנושא תפילות מקודשות למען אושרו של אחר.","Сердце, посылающее молитвы о благе других.","Širdis, siunčianti šventus troškimus į dangų už kitus."
"望","遠い理想を見つめ、実現を信じて進む前向きな意志","A positive will that gazes at distant ideals and moves forward believing in their realization.","Voluntad positiva hacia ideales lejanos y futuro.","Une volonté positive visant des idéaux lointains.","Ein positiver Wille, der auf ferne Ideale blickt.","Una volontà positiva verso ideali lontani.","Positibong kagustuhang tumungo sa malalayong mithiin.","Uma vontade positiva em direção a ideais distantes.","Uzak ideallere bakan ve ilerleyen olumlu irade.","إرادة إيجابية تطمح لمثل عليا بعيدة وتتقدم.","En positiv vilja som blickar mot fjärran ideal.","Een positieve wil gericht op verre idealen.","Pozytywna wola dążąca do dalekich ideałów.","En positiv vilje rettet mot fjerne idealer.","Pozitív akarat, amely a távoli eszményeket célozza.","רצון חיובי המביט אל עבר אידיאלים רחוקים.","Твердая воля, устремленная к далеким идеалам.","Teigiama valia, žiūrinti į tolimus idealus."
"悠","時の流れをゆったりと感じ、果てしない広がりを持つ心","A heart that feels the flow of time leisurely and possesses an endless expansiveness.","Corazón que siente el tiempo con calma y amplitud.","Un cœur ressentant le temps avec sérénité.","Ein Herz, das den Lauf der Zeit gelassen spürt.","Un cuore che sente il tempo con calma e ampiezza.","Pusong dahan-dahang nadarama ang daloy ng panahon.","Um coração que sente o tempo com calma e amplitude.","Zamanın akışını sakince hisseden ve enginleşen kalp.","قلب يشعر بمرور الوقت بهدوء وبأفق لا متناهي.","Ett hjärta som känner tidens ström lugnt och ändlöst.","Een hart dat de tijd rustig voelt stromen.","Serce spokojnie odczuwające upływ czasu.","Et hjerte som føler tidens strøm rolig og vidt.","A szív, amely nyugodtan érzi az idő múlását.","לב החש את זרימת הזמן בנחת ובמרחב אינסופי.","Сердце, неспешно ощущающее бег времени.","Širdis, lėtai jaučianti laiko tėkmę ir beribiškumą."
"遥","遥か彼方の理想を求め、どこまでも歩み続ける精神","A spirit that seeks ideals from afar and continues to walk anywhere.","Espíritu que busca ideales lejanos sin detenerse.","Un esprit cherchant l'idéal au loin sans s'arrêter.","Ein Geist, der Ideale in der Ferne sucht.","Uno spirito che cerca ideali lontani senza fermarsi.","Diwang naghahanap ng mithiin kahit saan.","Um espírito que busca ideais distantes sem parar.","Uzaklardaki idealleri arayan ve yürümeye devam eden ruh.","روح تسعى وراء مثل عليا بعيدة وتستمر في المسير.","En ande som söker ideal i fjärran.","Een geest die verre idealen blijft najagen.","Duch poszukujący ideałów w oddali.","En ånd som søker idealer i det fjerne.","A távoli eszményeket kereső, tántoríthatatlan szellem.","רוח השואפת לאידיאלים רחוקים וממשיכה ללכת.","Дух, неустанно следующий за далекой мечтой.","Dvasia, ieškanti idealų tolybėse ir einanti tolyn."
"響","ひとつの音が心に深く染み渡り、共鳴を広げる力","The power where a single sound deeply permeates the heart and spreads resonance.","Poder de un sonido que resuena profundamente en el corazón.","Le pouvoir d'un son résonnant profondément dans le cœur.","Die Kraft eines Klangs, der im Herzen nachhallt.","Il potere di un suono che risuona nel cuore.","Kapangyarihan ng tunog na umaalingawngaw sa puso.","O poder de um som que ressoa no coração.","Tek bir sesin kalbe işlediği ve yankı bulduğu güç.","قوة الصوت الذي يتغلغل في القلب وينشر الصدى.","Kraften av ett ljud som resonerar djupt i hjärtat.","De kracht van een geluid dat in het hart resoneert.","Moc dźwięku przenikającego serce i niosącego rezonans.","Kraften av en lyd som resonerer dybt i hjertet.","Egyetlen mélyen visszhangzó hang ereje a szívben.","כוחו של צליל החודר עמוק אל הלב ומפיץ תהודה.","Сила звука, проникающего в сердце и дающего резонанс.","Galia garso, giliai persmelkiančio širdį ir nešančio aidą."
"薫","風に乗って届く柔らかな香り、周囲を優しく包む気品","A soft fragrance that arrives on the wind, an elegance that gently envelops the surroundings.","Fragancia suave en el viento, elegancia sutil.","Un parfum léger porté par le vent, une élégance douce.","Ein sanfter Duft im Wind, milde Eleganz.","Una fragranza soave portata dal vento, eleganza dolce.","Mabangong hanging banayad na bumabalot sa paligid.","Uma fragrância suave no vento, elegância sutil.","Rüzgarla gelen yumuşak bir koku, çevreyi saran asalet.","شذى ناعم يأتي مع الريح ليحيط بما حوله برقي.","En mild doft i vinden, en elegans som omsluter.","Een zachte geur in de wind, milde elegantie.","Delikatny zapach na wietrze, łagodna elegancja.","En mild duft i vinden, en eleganse som omgir omgivelsene.","Lágy illat a szélben, amely gyengéden körülölel.","ניחוח רך המגיע עם הרוח, אלגנטיות עוטפת.","Нежный аромат, приносимый ветром.","Švelnus kvapas vėjyje, apgalbianti elegancija."
"涼","涼やかな風のように、心を穏やかに清める爽やかな存在","A refreshing presence that calmly cleanses the heart, like a cool breeze.","Presencia refrescante que limpia el corazón como brisa.","Une présence rafraîchissante qui nettoie le cœur.","Eine erfrischende Präsenz, die das Herz reinigt.","Una presenza rinfrescante che purifica il cuore.","Sariwang presensyang naglilinis ng puso tulad ng hangin.","Uma presença refrescante que acalma o coração.","Kalbi ferahlatan, serin bir esinti gibi bir varlık.","وجود منعش يطهر القلب بنسيمه العليل.","En uppfriskande närvaro som lugnar hjärtat.","Een verfrissende aanwezigheid die het hart kalmeert.","Odświeżająca obecność kojąca serce niczym bryza.","En forfriskende tilstedeværelse som renser hjertet.","Frissítő jelenség, amely megnyugtatja a szívet.","נוכחות מרעננת המנקה את הלב כבריזה קרירה.","Прохладный ветерок, очищающий сердце.","Vėsi gaiva, širdies ramybė ir tyrumas."
"颯","爽やかな風が吹き抜け、颯爽と未来へ駆け抜ける意志","The will to run gallantly toward the future, like a refreshing breeze blowing through.","Voluntad de correr hacia el futuro como una brisa fresca.","La volonté de courir vers l'avenir tel un vent frais.","Der Wille, wie eine frische Brise in die Zukunft zu stürmen.","La volontà di correre verso il futuro come una brezza fresca.","Kagustuhang tumakbo sa hinaharap tulad ng hangin.","A vontade de correr para o futuro como uma brisa fresca.","Taze bir rüzgar gibi geleceğe atılma iradesi.","إرادة الانطلاق نحو المستقبل كنسيم عليل.","Viljan att storma mot framtiden som en frisk bris.","De wil om naar de toekomst te stormen als een bries.","Wola pędzenia ku przyszłości niczym świeża bryza.","Viljen til å storme mot fremtiden som en frisk bris.","Akarat, amellyel friss szélként vágtatunk a jövőbe.","הרצון לרוץ לעבר העתיד כרוח רעננה.","Воля стремительно мчаться в будущее.","Valia veržtis į ateitį kaip gaivus vėjas."
"凪","波が穏まり風が止んだ、静寂と安らぎに満ちた海の美しさ","The beauty of the sea filled with silence and peace, when waves calm and the wind stops.","Belleza del mar en calma, llena de paz y silencio.","La beauté d'une mer calme, paix et silence réunis.","Die Schönheit des stillen Meeres voller Frieden.","La bellezza del mare calmo, colma di pace e silenzio.","Kagandahan ng dagat na puno ng katahimikan at payapa.","A beleza do mar calmo, cheia de paz e silêncio.","Dalgaların dindiği, huzur dolu denizin güzelliği.","جمال البحر الذي يملأه السكون والسكينة.","Skönheten i ett lugnt hav, fyllt av frid.","De schoonheid van de stille zee vol vrede.","Piękno spokojnego morza pełnego ciszy i spokoju.","Skjønnheten i det stille havet fylt av fred.","A békével és csenddel teli tenger szépsége.","יופיו של הים המלא דממה ושלווה כשהגלים נרגעים.","Красота спокойного моря, полная тишины и покоя.","Rami jūros gražybė, kupina tylos ir ramybės."
"菊","高貴で気高く咲き誇り、日本の伝統と美しさを象徴する花","A flower that blooms nobly and elegantly, symbolizing Japanese tradition and beauty.","Flor noble que simboliza la tradición japonesa.","Une fleur noble symbolisant la tradition japonaise.","Eine edle Blume, die japanische Tradition symbolisiert.","Un fiore nobile che simboleggia la tradizione giapponese.","Kilalang bulaklak, simbolo ng tradisyong Hapon.","Uma flor nobre que simboliza a tradição japonesa.","Asaletiyle açan, Japon geleneğini simgeleyen çiçek.","زهرة نبيلة ترمز للتقاليد والجمال الياباني.","En ädel blomma som symboliserar japansk tradition.","Een edele bloem die de Japanse traditie symboliseert.","Szlachetny kwiat symbolizujący japońską tradycję.","En edel blomst som symboliserer japansk tradisjon.","Nemes virág, a japán hagyomány és szépség jelképe.","פרח אצילי המסמל את המסורת והיופי היפני.","Благородный цветок, символ японских традиций.","Kilni gėlė, simbolizuojanti Japonijos tradicijas."
"葵","太陽に向かって真っ直ぐに伸びる、誠実で清らかな真心","A sincere and pure heart that grows straight toward the sun.","Corazón sincero que crece siempre hacia el sol.","Un cœur pur poussant droit vers le soleil.","Ein aufrichtiges Herz, das zur Sonne wächst.","Un cuore sincero che cresce verso il sole.","Tapat na pusong lumalaki patungo sa araw.","Um coração sincero que cresce para o sol.","Güneşe doğru dimdik büyüyen temiz bir kalp.","قلب صادق ينمو مستقيماً نحو الشمس.","Ett uppriktigt hjärta som växer mot solen.","Een oprecht hart dat naar de zon groeit.","Szczere i czyste serce rosnące ku słońcu.","Et oppriktig hjerte som vokser mot solen.","Őszinte szív, amely egyenesen a nap felé nő.","לב כנה וטהור הצומח היישר לעבר השמש.","Чистое и искреннее сердце, тянущееся к солнцу.","Nuoširdi ir tyra širdis, auganti tiesiai į saulę."
"椿","冬の寒さの中で赤く咲き、強さと控えめな美しさを放つ花","A flower that blooms red in the winter cold, radiating strength and modest beauty.","Flor roja de invierno, fuerza y belleza modesta.","Fleur rouge d'hiver, force et beauté modeste.","Rote Winterblume, Stärke und schlichte Schönheit.","Fiore rosso d'inverno, forza e bellezza modesta.","Pulang bulaklak sa taglamig, simbolo ng lakas at ganda.","Flor vermelha de inverno, força e beleza modesta.","Kış soğuğunda açan, güç ve zarafet saçan çiçek.","زهرة شتوية حمراء، تشع قوة وجمالاً متواضعاً.","En röd vinterblomma som strålar styrka och skönhet.","Rode winterbloem, kracht en bescheiden schoonheid.","Czerwony kwiat zimowy, siła i skromne piękno.","Rød vinterblomst, styrke og beskjeden skjønnhet.","Vörös téli virág, erő és szerény szépség sugárzik belőle.","פרח הפורח באדום בקור החורף, קורן עוצמה ויופי צנוע.","Красный зимний цветок, сила и скромная красота.","Raudona žiemos gėlė, stiprybė ir kuklus grožis."
"楓","秋に鮮やかに色づき、人生の彩りと季節の移ろいを愛でる心","A heart that loves the colors of life and the transition of seasons, turning vivid in autumn.","Corazón que ama los colores de la vida en otoño.","Un cœur aimant les couleurs de la vie en automne.","Ein Herz, das die Farben des Lebens im Herbst liebt.","Un cuore che ama i colori della vita in autunno.","Pusong nagmamahal sa kulay ng buhay at panahon.","Um coração que ama as cores da vida no outono.","Sonbaharda renklenen, mevsimlerin değişimini seven kalp.","قلب يحب ألوان الحياة وتغير الفصول.","Ett hjärta som älskar livets färger på hösten.","Een hart dat van de kleuren van het leven houdt.","Serce kochające kolory życia i pory roku.","Et hjerte som elsker livets farger og årstidenes skifte.","A szív, amely szereti az élet színeit és az évszakok múlását.","לב האוהב את צבעי החיים ואת חילופי העונות.","Сердце, любящее краски жизни и смену сезонов.","Širdis, mylinti gyvenimo spalvas ir rudens kaitą."
"梓","弓を作る木のようにしなやかで、強い意志を秘めた精神","A spirit as supple as the wood used for bows, harboring a hidden strong will.","Espíritu flexible con una voluntad fuerte escondida.","Un esprit souple comme le bois d'arc, volonté cachée.","Ein Geist so geschmeidig wie Bogenholz, starker Wille.","Uno spirito flessibile come legno d'arco, volontà forte.","Diwang matatag at may malakas na kagustuhan.","Um espírito flexível como madeira de arco, vontade forte.","Yay ağacı gibi esnek ve güçlü bir irade taşıyan ruh.","روح مرنة مثل خشب الأقواس، تخفي إرادة قوية.","En ande så smidig som bågvärke med en stark vilja.","Een geest zo soepel als booghout met een sterke wil.","Duch giętki niczym drewno łuku, silna wola.","En ånd så smidig som bue-tre, med en sterk vilje.","Rugalmas szellem, amelyben erős akarat rejlik.","רוח גמישה המסתירה בתוכה רצון עז.","Дух, гибкий как дерево для лука, и твердая воля.","Dvasia, lanksti kaip lanko medis, tvirta valia."
"柊","鋭い葉が邪気を払い、清らかな強さで大切なものを守る力","The power that repels evil with sharp leaves and protects precious things with pure strength.","Poder que repele el mal y protege lo querido.","Le pouvoir protégeant les êtres chers par sa force.","Die Kraft, die Böses mit scharfen Blättern abwehrt.","Il potere che scaccia il male e protegge ciò che è caro.","Kapangyarihang nagtataboy ng masama gamit ang talim.","O poder que repele o mal e protege o que é querido.","Kötülüğü kovan ve değerli olanı koruyan güç.","القوة التي تطرد الشر وتحمي الأشياء الثمينة.","Kraft som driver bort det onda och skyddar det dyrbara.","Kracht die het kwaad verdrijft en het dierbare beschermt.","Moc odpędzająca zło i chroniąca to, co cenne.","Kraft som driver bort det onde og beskytter det dyrebare.","Erő, amely elűzi a gonoszt és megvédi a drágaságot.","הכוח המגרש את הרוע ומגין על היקר בעוצמה טהורה.","Сила, отгоняющая зло и защищающая дорогое.","Galia, aštriais lapais genanti blogį ir sauganti tai, kas brangu."
"柚","爽やかな香りと温かみを持ち、周囲に安らぎを届ける存在","A presence with a refreshing fragrance and warmth, delivering peace to the surroundings.","Presencia de fragancia fresca que brinda paz.","Une présence parfumée apportant la paix autour de soi.","Eine Präsenz mit frischem Duft, die Frieden schenkt.","Una presenza dal profumo fresco che dona pace.","Mabangong presensyang nagbibigay ng payapa.","Uma presença de fragrância fresca que traz paz.","Taze kokusu ve sıcaklığıyla huzur veren bir varlık.","وجود ذو عطر منعش ودفء يبعث على السلام.","En närvaro som ger frid med en frisk doft.","Een aanwezigheid die rust geeft met een frisse geur.","Świeży zapach i ciepło niosące spokój.","En tilstedeværelse som gir fred med en frisk duft.","Friss illatú jelenlét, amely békét hoz a környezetnek.","נוכחות בעלת ניחוח רענן וחמימות המביאה שלווה.","Свежий аромат и тепло, несущие покой окружающим.","Gaivus kvapas ir šiluma, teikianti ramybę."
"桃","春の訪れを告げる華やかさと、優しく慈愛に満ちた生命力","A glamour that announces the arrival of spring and a gentle, compassionate vitality.","Esplendor de primavera con vitalidad suave.","Un éclat annonçant le printemps, vitalité douce.","Ein Glanz, der den Frühling und sanfte Lebenskraft ankündigt.","Uno splendore che annuncia la primavera, vitalità dolce.","Kagandahan ng tagsibol na may banayad na buhay.","Um esplendor que anuncia a primavera, vitalidade suave.","Baharın gelişini müjdeleyen görkem ve şefkatli yaşam gücü.","جمال يعلن قدوم الربيع وحيوية مليئة باللطف.","En prakt som bebådar vår och mild livskraft.","Een pracht die de lente en zachte levenskracht aankondigt.","Blask oznajmiający wiosnę i łagodna siła życiowa.","En prakt som bebuder vår og mild livskraft.","Tavaszi ragyogás és gyengéd, életteli erő.","יופי המבשר על בוא האביב וחיוניות מלאת חמלה.","Весеннее сияние и мягкая, полная любви жизненная сила.","Pavasario spindesys ir švelni, kupina meilės gyvybė."
"杏","小さな花から甘い実を結び、控えめながら確かな個性を放つ","Bearing sweet fruit from small flowers, radiating a modest yet certain individuality.","Frutos dulces de flores pequeñas con personalidad.","De petites fleurs donnant des fruits doux, humble unicité.","Süße Früchte aus kleinen Blüten, bescheidene Eigenheit.","Frutti dolci da piccoli fiori, personalità umile.","Bunga na nagbibigay ng matamis na prutas, may sariling katangian.","Frutos doces de flores pequenas, personalidade humilde.","Küçük çiçeklerden tatlı meyveler veren mütevazı kişilik.","تثمر ثماراً حلوة من أزهار صغيرة، بشخصية متواضعة.","Söta frukter från små blommor, anspråkslös egenart.","Zoete vruchten uit kleine bloemen, bescheiden eigenheid.","Słodkie owoce z małych kwiatów, skromna osobowość.","Søte frukter fra små blomster, beskjeden egenhet.","Apró virágból édes gyümölcs, szerény egyediséggel.","מניבה פרי מתוק מפרחים קטנים, בעלת ייחודיות צנועה.","Сладкие плоды из малых цветов, скромная самобытность.","Saldūs vaisiai iš mažų žiedų, kukli asmenybė."
"菫","足元にそっと咲く小さな花のように、謙虚で可憐な美しさ","A humble and lovely beauty, like a small flower blooming quietly at one's feet.","Belleza humilde como una pequeña flor a los pies.","Une beauté humble telle une petite fleur des champs.","Bescheidene Schönheit wie eine kleine Blume am Wegrand.","Bellezza umile come un piccolo fiore ai piedi.","Mababang-loob at magandang bulaklak sa paanan.","Beleza humilde como uma pequena flor aos pés.","Ayak ucunda açan çiçek gibi mütevazı ve sevimli güzellik.","جمال متواضع ورقيق كزهرة صغيرة عند القدمين.","Anspråkslös skönhet som en liten blomma vid dina fötter.","Bescheiden schoonheid als een bloemetje aan je voeten.","Skromne i miłe piękno kwiatka u stóp.","Beskjeden skjønnhet som en lille blomst ved dine føtter.","Szerény és kedves szépség, mint egy kicsi virág a lábunk előtt.","יופי צנוע וחנני כפרח קטן הפורח לרגליך.","Скромная и милая красота цветка у самых ног.","Kuklus ir mielas grožis kaip gėlės prie kojų."
"蕾","花開く瞬間の可能性を秘め、希望に満ちた未来への準備","Preparation for a hopeful future, harboring the possibilities of the moment of blooming.","Posibilidades ocultas antes de brotar, esperanza.","Possibilités cachées avant l'éclosion, avenir porteur d'espoir.","Verborgen Möglichkeiten vor der Blüte, Hoffnung.","Possibilità nascoste prima di sbocciare, speranza.","Posibilidad na mamukadkad para sa pag-asa ng hinaharap.","Possibilidades ocultas antes de brotar, esperança.","Çiçek açma anının potansiyelini taşıyan umutlu hazırlık.","الاستعداد لمستقبل واعد، يحمل إمكانيات لحظة التفتح.","Dolda möjligheter före blomning, ett hoppfullt steg.","Verborgen mogelijkheden voor de bloei en de toekomst.","Ukryte możliwości przed rozkwitem, nadzieja.","Skjulte muligheter før blomstring, håp.","A virágzás előtti lehetőségek kihasználása, reményteli jövő.","מוכנות לעתיד מלא תקווה, הטומנת בחובה אפשרות של פריחה.","Скрытый потенциал перед цветением, надежда на будущее.","Paslėptos galimybės prieš žydėjimą, viltinga ateitis."
"萌","新しい命が芽吹き、活力と成長に満ち溢れた始まりの象徴","A symbol of the beginning filled with vitality and growth, as new life sprouts.","Símbolo de comienzo lleno de vitalidad y crecimiento.","Symbole d'un renouveau plein de vitalité et de croissance.","Symbol für Neuanfang voller Vitalität und Wachstum.","Simbolo di un inizio pieno di vitalità e crescita.","Simbolo ng bagong buhay na puno ng sigla at paglaki.","Símbolo de um começo cheio de vitalidade e crescimento.","Yeni yaşamın yeşerdiği, canlılık ve büyüme sembolü.","رمز للبداية المليئة بالحيوية والنمو مع بزوغ حياة جديدة.","Symbol för en början fylld av tillväxt.","Symbool van een begin vol vitaliteit en groei.","Symbol początku pełnego witalności i wzrostu.","Symbol på en begynnelse fylt av vitalitet og vekst.","Az új élet kezdete, tele vitalitással és növekedéssel.","סמל להתחלה רווית חיוניות וצמיחה כשהחיים החדשים מלבלבים.","Символ начала, полного жизни и роста.","Pradžios simbolis, kupinas gyvybingumo ir augimo."
"獄","厳しい試練の中で己を鍛え、不屈の意志を磨き上げる場所","A place to train oneself amidst severe trials and polish an indomitable will.","Lugar para entrenarse ante duras pruebas y voluntad.","Un lieu pour s'entraîner face aux dures épreuves.","Ein Ort der Prüfung, um den Willen zu stählen.","Un luogo per allenarsi di fronte a dure prove.","Lugar ng matinding pagsubok para patatagin ang diwa.","Um lugar para treinar diante de duras provas.","Zorlu sınavlarda iradeyi bileme ve kendini eğitme yeri.","مكان لتدريب الذات وسط تجارب قاسية وصقل الإرادة.","En plats för prövningar för att härda viljan.","Een plek van beproeving om de wil te stalen.","Miejsce prób hartujących nieugiętą wolę.","Et sted med prøvelser for å herde viljen.","A próbatételek helye az akarat megerősítésére.","מקום לחשל בו את עצמך במבחנים קשים וללטש רצון עז.","Место испытаний для закалки несгибаемой воли.","Vieta išbandymams, grūdinantiems nenugalimą valią."
"霧","世界を白く包み込み、神秘的で幻想的な深みを添える気配","A presence that envelops the world in white, adding a mysterious and dreamlike depth.","Presencia que envuelve el mundo en blanco, profundidad.","Une présence voilant le monde de blanc, profondeur mystique.","Eine Präsenz, die die Welt weiß hüllt, mystische Tiefe.","Una presenza che avvolge il mondo nel bianco.","Misteryosong puting bumabalot sa mundo.","Uma presença que envolve o mundo em blanco.","Dünyayı beyaza bürüyen, gizemli ve düşsel bir derinlik.","وجود يلف العالم بالأبيض ويضيف عمقاً حالمًا.","En närvaro som höljer världen i vitt och djup.","Een aanwezigheid die de wereld in wit hult.","Mgła otulająca świat bielą, dodająca głębi.","En tilstedeværelse som hyller verden i hvitt.","A világot fehérbe burkoló, titokzatos mélység.","נוכחות העוטפת את העולם בלבן ומוסיפה עומק מסתורי.","Пелена, окутывающая мир белым, даря глубину.","Migla, gaubianti pasaulį baltai, teikianti paslapties."
"霞","遠くの景色を淡くぼかし、情緒豊かな美しさを生む様","A state where distant scenery is faintly blurred, creating an emotionally rich beauty.","Velo ligero que embellece paisajes lejanos.","Un voile léger embellissant les paysages lointains.","Ein leichter Schleier, der ferne Landschaften verschönt.","Un velo leggero che abbellisce i paesaggi lontani.","Malabong ganda ng malayong tanawin.","Um véu leve que embeleza paisagens distantes.","Uzak manzaraları bulanıklaştıran duygusal bir güzellik.","ضباب خفيف يجمّل المناظر البعيدة.","En lätt slöja som förskönar fjärran landskap.","Een lichte sluier die verre landschappen verfraait.","Lekka mgiełka nadająca krajobrazowi piękno.","Ett lett slør som forskjønner fjerne landskap.","Halvány és szép távoli kilátás elmosódott szépsége.","מצב בו הנוף הרחוק מטושטש קמעה ויוצר יופי רגשי.","Легкая дымка, придающая пейзажу особую красоту.","Lengva migla, suteikianti vaizdui ypatingo grožio."
"霜","静かな朝の冷気の中で降り立ち、清廉で静謐な気品を纏う","Standing in the cold air of a quiet morning, wearing a clean and serene elegance.","Elegancia serena en el aire frío de la mañana.","Une élégance sereine dans l'air froid du matin.","Elegante Gelassenheit in der kalten Morgenluft.","Eleganza serena nell'aria fredda del mattino.","Katahimikan at ganda sa malamig na umaga.","Elegância serena no ar frio da manhã.","Sessiz sabahın soğuğunda inen, temiz ve dingin bir asalet.","أناقة هادئة في هواء الصباح البارد.","Elegant serenitet i den kalla morgonluften.","Elegante sereniteit in de koude ochtendlucht.","Cicha czystość i elegancja w porannym chłodzie.","Elegant serenitet i den kalde morgenluften.","Elegáns nyugalom a hideg reggeli levegőben.","ניצבת באוויר הבוקר השקט במעטפת של אלגנטיות שלווה.","Безмолвная чистота и благородство в утреннем холоде.","Tylus tyrumas ir elegancija ryto šaltyje."
"柱","大いなる信念で基盤を支え、揺るぎない信頼を築く存在","A presence that supports the foundation with great belief and builds unwavering trust.","Presencia que sostiene todo con firmeza y convicción.","Une présence soutenant tout par sa conviction.","Eine Präsenz, die mit Überzeugung das Fundament stützt.","Una presenza che sostiene tutto con fermezza.","Suporta sa pundasyon na may matatag na tiwala.","Uma presenza que sustenta tudo com firmeza.","Temeli inancıyla sarsılmaz bir güvenle destekleyen varlık.","وجود يدعم الأساس بإيمان عميق ويبني ثقة راسخة.","En närvaro som stöder allt med övertygelse.","Een aanwezigheid die alles met overtuiging steunt.","Ostoja wspierająca wszystko swym przekonaniem.","En tilstedeværelse som støtter alt med overbevisning.","Oszlop, amely meggyőződéssel támasztja alá az alapot.","נוכחות התומכת בבסיס באמונה גדולה ובונה אמון איתן.","Опора, поддерживающая всё своей убежденностью.","Atrama, palaikanti viską savo įsitikinimu."
